asa_NoVuelo,asa_AerolineaICAO,asa_FechaHoraSlot,asa_FechaHoraPosicion2,asa_TipoAvion,asa_Terminal,asa_Posicion,asa_TipoOperacion,slot,posicion2,delay_to_gate,hour_sin,hour_cos,day_sin,day_cos,lag_1,lag_2,lag_3,lag_4,lag_5,lag_6,lag_7,lag_8,lag_9,lag_10,lag_11,lag_12,lag_13,lag_14,lag_15,lag_16,lag_17,lag_18,lag_19,lag_20,lag_21,lag_22,lag_23,lag_24
308.0,IBE,2026-08-03 20:30:00,2026-03-08 20:38:00,A350,T1,25,D,2026-08-03 20:30:00,2026-03-08 20:38:00,8,-0.7933533402912357,0.6087614290087199,0.0,1.0,-8.0,57.0,67.0,52.0,-9.0,14.0,15.0,12.0,17.0,-2.0,18.0,14.0,42.0,-28.0,-9.0,6.0,6.0,6.0,1.0,32.0,0.0,-42.0,-8.0,38.0
1457.0,AMX,2026-08-03 20:30:00,2026-03-08 20:40:00,E190,T2,80,A,2026-08-03 20:30:00,2026-03-08 20:40:00,10,-0.7933533402912357,0.6087614290087199,0.0,1.0,8.0,-8.0,57.0,67.0,52.0,-9.0,14.0,15.0,12.0,17.0,-2.0,18.0,14.0,42.0,-28.0,-9.0,6.0,6.0,6.0,1.0,32.0,0.0,-42.0,-8.0
1543.0,AMX,2026-08-03 20:30:00,2026-03-08 20:43:00,E190,T2,84,A,2026-08-03 20:30:00,2026-03-08 20:43:00,13,-0.7933533402912357,0.6087614290087199,0.0,1.0,10.0,8.0,-8.0,57.0,67.0,52.0,-9.0,14.0,15.0,12.0,17.0,-2.0,18.0,14.0,42.0,-28.0,-9.0,6.0,6.0,6.0,1.0,32.0,0.0,-42.0
70.0,AMX,2026-08-03 20:40:00,2026-03-08 20:44:00,B788,T2,54,D,2026-08-03 20:40:00,2026-03-08 20:44:00,4,-0.7660444431189781,0.6427876096865393,0.0,1.0,13.0,10.0,8.0,-8.0,57.0,67.0,52.0,-9.0,14.0,15.0,12.0,17.0,-2.0,18.0,14.0,42.0,-28.0,-9.0,6.0,6.0,6.0,1.0,32.0,0.0
108.0,AMX,2026-08-03 20:45:00,2026-03-08 20:44:00,B738,T2,79,D,2026-08-03 20:45:00,2026-03-08 20:44:00,-1,-0.7518398074789772,0.6593458151000691,0.0,1.0,4.0,13.0,10.0,8.0,-8.0,57.0,67.0,52.0,-9.0,14.0,15.0,12.0,17.0,-2.0,18.0,14.0,42.0,-28.0,-9.0,6.0,6.0,6.0,1.0,32.0
1419.0,AMX,2026-08-03 20:45:00,2026-03-08 20:57:00,E190,T2,89,A,2026-08-03 20:45:00,2026-03-08 20:57:00,12,-0.7518398074789772,0.6593458151000691,0.0,1.0,-1.0,4.0,13.0,10.0,8.0,-8.0,57.0,67.0,52.0,-9.0,14.0,15.0,12.0,17.0,-2.0,18.0,14.0,42.0,-28.0,-9.0,6.0,6.0,6.0,1.0
1640.0,AMX,2026-08-03 20:45:00,2026-03-08 21:00:00,E190,T2,88,D,2026-08-03 20:45:00,2026-03-08 21:00:00,15,-0.7518398074789772,0.6593458151000691,0.0,1.0,12.0,-1.0,4.0,13.0,10.0,8.0,-8.0,57.0,67.0,52.0,-9.0,14.0,15.0,12.0,17.0,-2.0,18.0,14.0,42.0,-28.0,-9.0,6.0,6.0,6.0
257.0,AMX,2026-08-03 20:45:00,2026-03-08 20:59:00,B738,T2,48,A,2026-08-03 20:45:00,2026-03-08 20:59:00,14,-0.7518398074789772,0.6593458151000691,0.0,1.0,15.0,12.0,-1.0,4.0,13.0,10.0,8.0,-8.0,57.0,67.0,52.0,-9.0,14.0,15.0,12.0,17.0,-2.0,18.0,14.0,42.0,-28.0,-9.0,6.0,6.0
401.0,VOI,2026-08-03 20:45:00,2026-03-08 20:47:00,A321,T1,13,A,2026-08-03 20:45:00,2026-03-08 20:47:00,2,-0.7518398074789772,0.6593458151000691,0.0,1.0,14.0,15.0,12.0,-1.0,4.0,13.0,10.0,8.0,-8.0,57.0,67.0,52.0,-9.0,14.0,15.0,12.0,17.0,-2.0,18.0,14.0,42.0,-28.0,-9.0,6.0
430.0,VOI,2026-08-03 20:45:00,2026-03-08 20:46:00,A321,T1,17,D,2026-08-03 20:45:00,2026-03-08 20:46:00,1,-0.7518398074789772,0.6593458151000691,0.0,1.0,2.0,14.0,15.0,12.0,-1.0,4.0,13.0,10.0,8.0,-8.0,57.0,67.0,52.0,-9.0,14.0,15.0,12.0,17.0,-2.0,18.0,14.0,42.0,-28.0,-9.0
1566.0,UAL,2026-08-03 20:50:00,2026-03-08 20:38:00,B7M8,T1,31,A,2026-08-03 20:50:00,2026-03-08 20:38:00,-12,-0.7372773368101242,0.6755902076156601,0.0,1.0,1.0,2.0,14.0,15.0,12.0,-1.0,4.0,13.0,10.0,8.0,-8.0,57.0,67.0,52.0,-9.0,14.0,15.0,12.0,17.0,-2.0,18.0,14.0,42.0,-28.0
756.0,AAL,2026-08-03 20:55:00,2026-03-08 21:20:00,B7M8,T1,29,A,2026-08-03 20:55:00,2026-03-08 21:20:00,25,-0.7223639620597554,0.6915130557822695,0.0,1.0,-12.0,1.0,2.0,14.0,15.0,12.0,-1.0,4.0,13.0,10.0,8.0,-8.0,57.0,67.0,52.0,-9.0,14.0,15.0,12.0,17.0,-2.0,18.0,14.0,42.0
174.0,AFR,2026-08-03 20:55:00,2026-03-08 21:20:00,A350,T1,45,A,2026-08-03 20:55:00,2026-03-08 21:20:00,25,-0.7223639620597554,0.6915130557822695,0.0,1.0,25.0,-12.0,1.0,2.0,14.0,15.0,12.0,-1.0,4.0,13.0,10.0,8.0,-8.0,57.0,67.0,52.0,-9.0,14.0,15.0,12.0,17.0,-2.0,18.0,14.0
258.0,AMX,2026-08-03 20:55:00,2026-03-08 20:59:00,B39M,T2,71,D,2026-08-03 20:55:00,2026-03-08 20:59:00,4,-0.7223639620597554,0.6915130557822695,0.0,1.0,25.0,25.0,-12.0,1.0,2.0,14.0,15.0,12.0,-1.0,4.0,13.0,10.0,8.0,-8.0,57.0,67.0,52.0,-9.0,14.0,15.0,12.0,17.0,-2.0,18.0
1353.0,VIV,2026-08-03 21:00:00,2026-03-08 21:17:00,A321,T1,16,A,2026-08-03 21:00:00,2026-03-08 21:17:00,17,-0.7071067811865477,0.7071067811865474,0.0,1.0,4.0,25.0,25.0,-12.0,1.0,2.0,14.0,15.0,12.0,-1.0,4.0,13.0,10.0,8.0,-8.0,57.0,67.0,52.0,-9.0,14.0,15.0,12.0,17.0,-2.0
198.0,AMX,2026-08-03 21:00:00,2026-03-08 21:53:00,B738,T2,73,D,2026-08-03 21:00:00,2026-03-08 21:53:00,53,-0.7071067811865477,0.7071067811865474,0.0,1.0,17.0,4.0,25.0,25.0,-12.0,1.0,2.0,14.0,15.0,12.0,-1.0,4.0,13.0,10.0,8.0,-8.0,57.0,67.0,52.0,-9.0,14.0,15.0,12.0,17.0
1286.0,VIV,2026-08-03 21:00:00,2026-03-08 21:12:00,A321,T1,8,D,2026-08-03 21:00:00,2026-03-08 21:12:00,12,-0.7071067811865477,0.7071067811865474,0.0,1.0,53.0,17.0,4.0,25.0,25.0,-12.0,1.0,2.0,14.0,15.0,12.0,-1.0,4.0,13.0,10.0,8.0,-8.0,57.0,67.0,52.0,-9.0,14.0,15.0,12.0
183.0,VOI,2026-08-03 21:00:00,2026-03-08 21:27:00,A320,T1,4,A,2026-08-03 21:00:00,2026-03-08 21:27:00,27,-0.7071067811865477,0.7071067811865474,0.0,1.0,12.0,53.0,17.0,4.0,25.0,25.0,-12.0,1.0,2.0,14.0,15.0,12.0,-1.0,4.0,13.0,10.0,8.0,-8.0,57.0,67.0,52.0,-9.0,14.0,15.0
499.0,DLH,2026-08-03 21:00:00,2026-03-08 21:02:00,B748,T1,26,D,2026-08-03 21:00:00,2026-03-08 21:02:00,2,-0.7071067811865477,0.7071067811865474,0.0,1.0,27.0,12.0,53.0,17.0,4.0,25.0,25.0,-12.0,1.0,2.0,14.0,15.0,12.0,-1.0,4.0,13.0,10.0,8.0,-8.0,57.0,67.0,52.0,-9.0,14.0
1054.0,AMX,2026-08-03 21:00:00,2026-03-08 21:16:00,E190,T2,74,D,2026-08-03 21:00:00,2026-03-08 21:16:00,16,-0.7071067811865477,0.7071067811865474,0.0,1.0,2.0,27.0,12.0,53.0,17.0,4.0,25.0,25.0,-12.0,1.0,2.0,14.0,15.0,12.0,-1.0,4.0,13.0,10.0,8.0,-8.0,57.0,67.0,52.0,-9.0
388.0,AMX,2026-08-03 21:00:00,2026-03-08 21:12:00,B738,T2,86,D,2026-08-03 21:00:00,2026-03-08 21:12:00,12,-0.7071067811865477,0.7071067811865474,0.0,1.0,16.0,2.0,27.0,12.0,53.0,17.0,4.0,25.0,25.0,-12.0,1.0,2.0,14.0,15.0,12.0,-1.0,4.0,13.0,10.0,8.0,-8.0,57.0,67.0,52.0
2067.0,AMX,2026-08-03 21:00:00,2026-03-08 21:15:00,E190,T2,87,A,2026-08-03 21:00:00,2026-03-08 21:15:00,15,-0.7071067811865477,0.7071067811865474,0.0,1.0,12.0,16.0,2.0,27.0,12.0,53.0,17.0,4.0,25.0,25.0,-12.0,1.0,2.0,14.0,15.0,12.0,-1.0,4.0,13.0,10.0,8.0,-8.0,57.0,67.0
148.0,AMX,2026-08-03 21:00:00,2026-03-08 21:00:00,B39M,T2,77,D,2026-08-03 21:00:00,2026-03-08 21:00:00,0,-0.7071067811865477,0.7071067811865474,0.0,1.0,15.0,12.0,16.0,2.0,27.0,12.0,53.0,17.0,4.0,25.0,25.0,-12.0,1.0,2.0,14.0,15.0,12.0,-1.0,4.0,13.0,10.0,8.0,-8.0,57.0
242.0,BAW,2026-08-03 21:00:00,2026-03-08 20:50:00,B789,T1,35A,D,2026-08-03 21:00:00,2026-03-08 20:50:00,-10,-0.7071067811865477,0.7071067811865474,0.0,1.0,0.0,15.0,12.0,16.0,2.0,27.0,12.0,53.0,17.0,4.0,25.0,25.0,-12.0,1.0,2.0,14.0,15.0,12.0,-1.0,4.0,13.0,10.0,8.0,-8.0
357.0,AMX,2026-08-03 21:05:00,2026-03-08 21:37:00,B738,T2,72,A,2026-08-03 21:05:00,2026-03-08 21:37:00,32,-0.6915130557822698,0.7223639620597551,0.0,1.0,-10.0,0.0,15.0,12.0,16.0,2.0,27.0,12.0,53.0,17.0,4.0,25.0,25.0,-12.0,1.0,2.0,14.0,15.0,12.0,-1.0,4.0,13.0,10.0,8.0
1373.0,VIV,2026-08-03 21:05:00,2026-03-08 22:51:00,A320,T1,5,A,2026-08-03 21:05:00,2026-03-08 22:51:00,106,-0.6915130557822698,0.7223639620597551,0.0,1.0,32.0,-10.0,0.0,15.0,12.0,16.0,2.0,27.0,12.0,53.0,17.0,4.0,25.0,25.0,-12.0,1.0,2.0,14.0,15.0,12.0,-1.0,4.0,13.0,10.0
2606.0,AMX,2026-08-03 21:05:00,2026-03-08 21:28:00,E190,T2,72,D,2026-08-03 21:05:00,2026-03-08 21:28:00,23,-0.6915130557822698,0.7223639620597551,0.0,1.0,106.0,32.0,-10.0,0.0,15.0,12.0,16.0,2.0,27.0,12.0,53.0,17.0,4.0,25.0,25.0,-12.0,1.0,2.0,14.0,15.0,12.0,-1.0,4.0,13.0
260.0,VOI,2026-08-03 21:05:00,2026-03-08 21:04:00,A320,T1,9,D,2026-08-03 21:05:00,2026-03-08 21:04:00,-1,-0.6915130557822698,0.7223639620597551,0.0,1.0,23.0,106.0,32.0,-10.0,0.0,15.0,12.0,16.0,2.0,27.0,12.0,53.0,17.0,4.0,25.0,25.0,-12.0,1.0,2.0,14.0,15.0,12.0,-1.0,4.0
147.0,AMX,2026-08-03 21:05:00,2026-03-08 20:58:00,B39M,T2,78,A,2026-08-03 21:05:00,2026-03-08 20:58:00,-7,-0.6915130557822698,0.7223639620597551,0.0,1.0,-1.0,23.0,106.0,32.0,-10.0,0.0,15.0,12.0,16.0,2.0,27.0,12.0,53.0,17.0,4.0,25.0,25.0,-12.0,1.0,2.0,14.0,15.0,12.0,-1.0
1418.0,AMX,2026-08-03 21:05:00,2026-03-08 22:00:00,E190,T2,84,D,2026-08-03 21:05:00,2026-03-08 22:00:00,55,-0.6915130557822698,0.7223639620597551,0.0,1.0,-7.0,-1.0,23.0,106.0,32.0,-10.0,0.0,15.0,12.0,16.0,2.0,27.0,12.0,53.0,17.0,4.0,25.0,25.0,-12.0,1.0,2.0,14.0,15.0,12.0
179.0,AMX,2026-08-03 21:05:00,2026-03-08 21:15:00,B7M8,T2,79,A,2026-08-03 21:05:00,2026-03-08 21:15:00,10,-0.6915130557822698,0.7223639620597551,0.0,1.0,55.0,-7.0,-1.0,23.0,106.0,32.0,-10.0,0.0,15.0,12.0,16.0,2.0,27.0,12.0,53.0,17.0,4.0,25.0,25.0,-12.0,1.0,2.0,14.0,15.0
741.0,VOI,2026-08-03 21:10:00,2026-03-08 21:26:00,A321,T1,24,A,2026-08-03 21:10:00,2026-03-08 21:26:00,16,-0.6755902076156598,0.7372773368101244,0.0,1.0,10.0,55.0,-7.0,-1.0,23.0,106.0,32.0,-10.0,0.0,15.0,12.0,16.0,2.0,27.0,12.0,53.0,17.0,4.0,25.0,25.0,-12.0,1.0,2.0,14.0
1068.0,VIV,2026-08-03 21:10:00,2026-03-08 22:19:00,A321,T1,6,D,2026-08-03 21:10:00,2026-03-08 22:19:00,69,-0.6755902076156598,0.7372773368101244,0.0,1.0,16.0,10.0,55.0,-7.0,-1.0,23.0,106.0,32.0,-10.0,0.0,15.0,12.0,16.0,2.0,27.0,12.0,53.0,17.0,4.0,25.0,25.0,-12.0,1.0,2.0
960.0,AMX,2026-08-03 21:10:00,2026-03-08 21:40:00,B39M,T2,76,D,2026-08-03 21:10:00,2026-03-08 21:40:00,30,-0.6755902076156598,0.7372773368101244,0.0,1.0,69.0,16.0,10.0,55.0,-7.0,-1.0,23.0,106.0,32.0,-10.0,0.0,15.0,12.0,16.0,2.0,27.0,12.0,53.0,17.0,4.0,25.0,25.0,-12.0,1.0
322.0,AMX,2026-08-03 21:15:00,2026-03-08 21:38:00,B738,T2,65,D,2026-08-03 21:15:00,2026-03-08 21:38:00,23,-0.6593458151000687,0.7518398074789775,0.0,1.0,30.0,69.0,16.0,10.0,55.0,-7.0,-1.0,23.0,106.0,32.0,-10.0,0.0,15.0,12.0,16.0,2.0,27.0,12.0,53.0,17.0,4.0,25.0,25.0,-12.0
866.0,AMX,2026-08-03 21:15:00,2026-03-08 21:24:00,E190,T2,82,D,2026-08-03 21:15:00,2026-03-08 21:24:00,9,-0.6593458151000687,0.7518398074789775,0.0,1.0,23.0,30.0,69.0,16.0,10.0,55.0,-7.0,-1.0,23.0,106.0,32.0,-10.0,0.0,15.0,12.0,16.0,2.0,27.0,12.0,53.0,17.0,4.0,25.0,25.0
555.0,AMX,2026-08-03 21:20:00,2026-03-08 21:24:00,B738,T2,69,A,2026-08-03 21:20:00,2026-03-08 21:24:00,4,-0.6427876096865396,0.7660444431189778,0.0,1.0,9.0,23.0,30.0,69.0,16.0,10.0,55.0,-7.0,-1.0,23.0,106.0,32.0,-10.0,0.0,15.0,12.0,16.0,2.0,27.0,12.0,53.0,17.0,4.0,25.0
812.0,AMX,2026-08-03 21:20:00,2026-03-08 21:34:00,B7M8,T2,85,D,2026-08-03 21:20:00,2026-03-08 21:34:00,14,-0.6427876096865396,0.7660444431189778,0.0,1.0,4.0,9.0,23.0,30.0,69.0,16.0,10.0,55.0,-7.0,-1.0,23.0,106.0,32.0,-10.0,0.0,15.0,12.0,16.0,2.0,27.0,12.0,53.0,17.0,4.0
25.0,AMX,2026-08-03 21:25:00,2026-03-08 21:55:00,B789,T2,67,D,2026-08-03 21:25:00,2026-03-08 21:55:00,30,-0.625923472184059,0.7798844830928818,0.0,1.0,14.0,4.0,9.0,23.0,30.0,69.0,16.0,10.0,55.0,-7.0,-1.0,23.0,106.0,32.0,-10.0,0.0,15.0,12.0,16.0,2.0,27.0,12.0,53.0,17.0
714.0,AMX,2026-08-03 21:25:00,2026-03-08 21:37:00,B7M8,T2,81,D,2026-08-03 21:25:00,2026-03-08 21:37:00,12,-0.625923472184059,0.7798844830928818,0.0,1.0,30.0,14.0,4.0,9.0,23.0,30.0,69.0,16.0,10.0,55.0,-7.0,-1.0,23.0,106.0,32.0,-10.0,0.0,15.0,12.0,16.0,2.0,27.0,12.0,53.0
323.0,AMX,2026-08-03 21:30:00,2026-03-08 21:56:00,B738,T2,85,A,2026-08-03 21:30:00,2026-03-08 21:56:00,26,-0.608761429008721,0.7933533402912349,0.0,1.0,12.0,30.0,14.0,4.0,9.0,23.0,30.0,69.0,16.0,10.0,55.0,-7.0,-1.0,23.0,106.0,32.0,-10.0,0.0,15.0,12.0,16.0,2.0,27.0,12.0
955.0,AMX,2026-08-03 21:30:00,2026-03-08 21:23:00,B39M,T2,71,A,2026-08-03 21:30:00,2026-03-08 21:23:00,-7,-0.608761429008721,0.7933533402912349,0.0,1.0,26.0,12.0,30.0,14.0,4.0,9.0,23.0,30.0,69.0,16.0,10.0,55.0,-7.0,-1.0,23.0,106.0,32.0,-10.0,0.0,15.0,12.0,16.0,2.0,27.0
783.0,UAL,2026-08-03 21:30:00,2026-03-08 21:40:00,B7M8,T1,35,A,2026-08-03 21:30:00,2026-03-08 21:40:00,10,-0.608761429008721,0.7933533402912349,0.0,1.0,-7.0,26.0,12.0,30.0,14.0,4.0,9.0,23.0,30.0,69.0,16.0,10.0,55.0,-7.0,-1.0,23.0,106.0,32.0,-10.0,0.0,15.0,12.0,16.0,2.0
713.0,AMX,2026-08-03 21:40:00,2026-03-08 21:55:00,B738,T2,66,A,2026-08-03 21:40:00,2026-03-08 21:55:00,15,-0.5735764363510465,0.8191520442889916,0.0,1.0,10.0,-7.0,26.0,12.0,30.0,14.0,4.0,9.0,23.0,30.0,69.0,16.0,10.0,55.0,-7.0,-1.0,23.0,106.0,32.0,-10.0,0.0,15.0,12.0,16.0
751.0,VOI,2026-08-03 21:45:00,2026-03-08 21:33:00,A320,T1,32,A,2026-08-03 21:45:00,2026-03-08 21:33:00,-12,-0.555570233019603,0.8314696123025447,0.0,1.0,15.0,10.0,-7.0,26.0,12.0,30.0,14.0,4.0,9.0,23.0,30.0,69.0,16.0,10.0,55.0,-7.0,-1.0,23.0,106.0,32.0,-10.0,0.0,15.0,12.0
421.0,VOI,2026-08-03 21:45:00,2026-03-08 21:41:00,A321,T1,10,A,2026-08-03 21:45:00,2026-03-08 21:41:00,-4,-0.555570233019603,0.8314696123025447,0.0,1.0,-12.0,15.0,10.0,-7.0,26.0,12.0,30.0,14.0,4.0,9.0,23.0,30.0,69.0,16.0,10.0,55.0,-7.0,-1.0,23.0,106.0,32.0,-10.0,0.0,15.0
324.0,VOI,2026-08-03 21:45:00,2026-03-08 22:06:00,A321,T1,27,D,2026-08-03 21:45:00,2026-03-08 22:06:00,21,-0.555570233019603,0.8314696123025447,0.0,1.0,-4.0,-12.0,15.0,10.0,-7.0,26.0,12.0,30.0,14.0,4.0,9.0,23.0,30.0,69.0,16.0,10.0,55.0,-7.0,-1.0,23.0,106.0,32.0,-10.0,0.0
340.0,AMX,2026-08-03 21:45:00,2026-03-08 22:00:00,E190,T2,89,D,2026-08-03 21:45:00,2026-03-08 22:00:00,15,-0.555570233019603,0.8314696123025447,0.0,1.0,21.0,-4.0,-12.0,15.0,10.0,-7.0,26.0,12.0,30.0,14.0,4.0,9.0,23.0,30.0,69.0,16.0,10.0,55.0,-7.0,-1.0,23.0,106.0,32.0,-10.0
1057.0,AMX,2026-08-03 21:45:00,2026-03-08 21:50:00,E190,T2,88,A,2026-08-03 21:45:00,2026-03-08 21:50:00,5,-0.555570233019603,0.8314696123025447,0.0,1.0,15.0,21.0,-4.0,-12.0,15.0,10.0,-7.0,26.0,12.0,30.0,14.0,4.0,9.0,23.0,30.0,69.0,16.0,10.0,55.0,-7.0,-1.0,23.0,106.0,32.0
1248.0,VIV,2026-08-03 21:45:00,2026-03-08 22:19:00,A321,T1,16,D,2026-08-03 21:45:00,2026-03-08 22:19:00,34,-0.555570233019603,0.8314696123025447,0.0,1.0,5.0,15.0,21.0,-4.0,-12.0,15.0,10.0,-7.0,26.0,12.0,30.0,14.0,4.0,9.0,23.0,30.0,69.0,16.0,10.0,55.0,-7.0,-1.0,23.0,106.0
1639.0,AMX,2026-08-03 21:50:00,2026-03-08 21:52:00,E190,T2,74,A,2026-08-03 21:50:00,2026-03-08 21:52:00,2,-0.537299608346825,0.8433914458128849,0.0,1.0,34.0,5.0,15.0,21.0,-4.0,-12.0,15.0,10.0,-7.0,26.0,12.0,30.0,14.0,4.0,9.0,23.0,30.0,69.0,16.0,10.0,55.0,-7.0,-1.0,23.0
259.0,AMX,2026-08-03 21:50:00,2026-03-08 21:38:00,B738,T2,77,A,2026-08-03 21:50:00,2026-03-08 21:38:00,-12,-0.537299608346825,0.8433914458128849,0.0,1.0,2.0,34.0,5.0,15.0,21.0,-4.0,-12.0,15.0,10.0,-7.0,26.0,12.0,30.0,14.0,4.0,9.0,23.0,30.0,69.0,16.0,10.0,55.0,-7.0,-1.0
403.0,AMX,2026-08-03 21:50:00,2026-03-08 21:48:00,B738,T2,62,A,2026-08-03 21:50:00,2026-03-08 21:48:00,-2,-0.537299608346825,0.8433914458128849,0.0,1.0,-12.0,2.0,34.0,5.0,15.0,21.0,-4.0,-12.0,15.0,10.0,-7.0,26.0,12.0,30.0,14.0,4.0,9.0,23.0,30.0,69.0,16.0,10.0,55.0,-7.0
58.0,AMX,2026-08-03 21:50:00,2026-03-08 22:00:00,B789,T2,58A,D,2026-08-03 21:50:00,2026-03-08 22:00:00,10,-0.537299608346825,0.8433914458128849,0.0,1.0,-2.0,-12.0,2.0,34.0,5.0,15.0,21.0,-4.0,-12.0,15.0,10.0,-7.0,26.0,12.0,30.0,14.0,4.0,9.0,23.0,30.0,69.0,16.0,10.0,55.0
686.0,KLM,2026-08-03 21:50:00,2026-03-08 21:57:00,B789,T1,33A,D,2026-08-03 21:50:00,2026-03-08 21:57:00,7,-0.537299608346825,0.8433914458128849,0.0,1.0,10.0,-2.0,-12.0,2.0,34.0,5.0,15.0,21.0,-4.0,-12.0,15.0,10.0,-7.0,26.0,12.0,30.0,14.0,4.0,9.0,23.0,30.0,69.0,16.0,10.0
28.0,AMX,2026-08-03 21:55:00,2026-03-08 22:09:00,B789,T2,57A,D,2026-08-03 21:55:00,2026-03-08 22:09:00,14,-0.5187732581605214,0.8549118706729466,0.0,1.0,7.0,10.0,-2.0,-12.0,2.0,34.0,5.0,15.0,21.0,-4.0,-12.0,15.0,10.0,-7.0,26.0,12.0,30.0,14.0,4.0,9.0,23.0,30.0,69.0,16.0
842.0,AMX,2026-08-03 21:55:00,2026-03-08 22:49:00,B738,T2,72,D,2026-08-03 21:55:00,2026-03-08 22:49:00,54,-0.5187732581605214,0.8549118706729466,0.0,1.0,14.0,7.0,10.0,-2.0,-12.0,2.0,34.0,5.0,15.0,21.0,-4.0,-12.0,15.0,10.0,-7.0,26.0,12.0,30.0,14.0,4.0,9.0,23.0,30.0,69.0
3918.0,VOI,2026-08-03 21:55:00,2026-03-08 21:44:00,A320,T1,18,D,2026-08-03 21:55:00,2026-03-08 21:44:00,-11,-0.5187732581605214,0.8549118706729466,0.0,1.0,54.0,14.0,7.0,10.0,-2.0,-12.0,2.0,34.0,5.0,15.0,21.0,-4.0,-12.0,15.0,10.0,-7.0,26.0,12.0,30.0,14.0,4.0,9.0,23.0,30.0
150.0,VOI,2026-08-03 22:00:00,2026-03-08 22:15:00,A320,T1,4,D,2026-08-03 22:00:00,2026-03-08 22:15:00,15,-0.5000000000000004,0.8660254037844384,0.0,1.0,-11.0,54.0,14.0,7.0,10.0,-2.0,-12.0,2.0,34.0,5.0,15.0,21.0,-4.0,-12.0,15.0,10.0,-7.0,26.0,12.0,30.0,14.0,4.0,9.0,23.0
731.0,VOI,2026-08-03 22:00:00,2026-03-08 22:08:00,A321,T1,26,A,2026-08-03 22:00:00,2026-03-08 22:08:00,8,-0.5000000000000004,0.8660254037844384,0.0,1.0,15.0,-11.0,54.0,14.0,7.0,10.0,-2.0,-12.0,2.0,34.0,5.0,15.0,21.0,-4.0,-12.0,15.0,10.0,-7.0,26.0,12.0,30.0,14.0,4.0,9.0
186.0,VOI,2026-08-03 22:00:00,2026-03-08 21:51:00,A321,T1,13,D,2026-08-03 22:00:00,2026-03-08 21:51:00,-9,-0.5000000000000004,0.8660254037844384,0.0,1.0,8.0,15.0,-11.0,54.0,14.0,7.0,10.0,-2.0,-12.0,2.0,34.0,5.0,15.0,21.0,-4.0,-12.0,15.0,10.0,-7.0,26.0,12.0,30.0,14.0,4.0
1143.0,VIV,2026-08-03 22:00:00,2026-03-08 22:12:00,A321,T1,15,A,2026-08-03 22:00:00,2026-03-08 22:12:00,12,-0.5000000000000004,0.8660254037844384,0.0,1.0,-9.0,8.0,15.0,-11.0,54.0,14.0,7.0,10.0,-2.0,-12.0,2.0,34.0,5.0,15.0,21.0,-4.0,-12.0,15.0,10.0,-7.0,26.0,12.0,30.0,14.0
2647.0,AMX,2026-08-03 22:00:00,2026-03-08 21:55:00,E190,T2,86,A,2026-08-03 22:00:00,2026-03-08 21:55:00,-5,-0.5000000000000004,0.8660254037844384,0.0,1.0,12.0,-9.0,8.0,15.0,-11.0,54.0,14.0,7.0,10.0,-2.0,-12.0,2.0,34.0,5.0,15.0,21.0,-4.0,-12.0,15.0,10.0,-7.0,26.0,12.0,30.0
264.0,AMX,2026-08-03 22:00:00,2026-03-08 22:03:00,B7M8,T2,63,D,2026-08-03 22:00:00,2026-03-08 22:03:00,3,-0.5000000000000004,0.8660254037844384,0.0,1.0,-5.0,12.0,-9.0,8.0,15.0,-11.0,54.0,14.0,7.0,10.0,-2.0,-12.0,2.0,34.0,5.0,15.0,21.0,-4.0,-12.0,15.0,10.0,-7.0,26.0,12.0
188.0,AMX,2026-08-03 22:00:00,2026-03-08 22:09:00,B7M8,T2,61,D,2026-08-03 22:00:00,2026-03-08 22:09:00,9,-0.5000000000000004,0.8660254037844384,0.0,1.0,3.0,-5.0,12.0,-9.0,8.0,15.0,-11.0,54.0,14.0,7.0,10.0,-2.0,-12.0,2.0,34.0,5.0,15.0,21.0,-4.0,-12.0,15.0,10.0,-7.0,26.0
564.0,AMX,2026-08-03 22:00:00,2026-03-08 22:19:00,B7M8,T2,64,D,2026-08-03 22:00:00,2026-03-08 22:19:00,19,-0.5000000000000004,0.8660254037844384,0.0,1.0,9.0,3.0,-5.0,12.0,-9.0,8.0,15.0,-11.0,54.0,14.0,7.0,10.0,-2.0,-12.0,2.0,34.0,5.0,15.0,21.0,-4.0,-12.0,15.0,10.0,-7.0
158.0,AMX,2026-08-03 22:05:00,2026-03-08 22:05:00,E190,T2,80,D,2026-08-03 22:05:00,2026-03-08 22:05:00,0,-0.4809887689193877,0.8767267557075077,0.0,1.0,19.0,9.0,3.0,-5.0,12.0,-9.0,8.0,15.0,-11.0,54.0,14.0,7.0,10.0,-2.0,-12.0,2.0,34.0,5.0,15.0,21.0,-4.0,-12.0,15.0,10.0
964.0,AMX,2026-08-03 22:05:00,2026-03-08 22:28:00,B39M,T2,78,D,2026-08-03 22:05:00,2026-03-08 22:28:00,23,-0.4809887689193877,0.8767267557075077,0.0,1.0,0.0,19.0,9.0,3.0,-5.0,12.0,-9.0,8.0,15.0,-11.0,54.0,14.0,7.0,10.0,-2.0,-12.0,2.0,34.0,5.0,15.0,21.0,-4.0,-12.0,15.0
188.0,CMP,2026-08-03 22:05:00,2026-03-08 21:57:00,B731,T1,28,A,2026-08-03 22:05:00,2026-03-08 21:57:00,-8,-0.4809887689193877,0.8767267557075077,0.0,1.0,23.0,0.0,19.0,9.0,3.0,-5.0,12.0,-9.0,8.0,15.0,-11.0,54.0,14.0,7.0,10.0,-2.0,-12.0,2.0,34.0,5.0,15.0,21.0,-4.0,-12.0
1374.0,VIV,2026-08-03 22:05:00,2026-03-08 23:34:00,A320,T1,5,D,2026-08-03 22:05:00,2026-03-08 23:34:00,89,-0.4809887689193877,0.8767267557075077,0.0,1.0,-8.0,23.0,0.0,19.0,9.0,3.0,-5.0,12.0,-9.0,8.0,15.0,-11.0,54.0,14.0,7.0,10.0,-2.0,-12.0,2.0,34.0,5.0,15.0,21.0,-4.0
21.0,AMX,2026-08-03 22:10:00,2026-03-08 22:25:00,B789,T2,55A,D,2026-08-03 22:10:00,2026-03-08 22:25:00,15,-0.4617486132350336,0.8870108331782218,0.0,1.0,89.0,-8.0,23.0,0.0,19.0,9.0,3.0,-5.0,12.0,-9.0,8.0,15.0,-11.0,54.0,14.0,7.0,10.0,-2.0,-12.0,2.0,34.0,5.0,15.0,21.0
3.0,AMX,2026-08-03 22:10:00,2026-03-08 22:25:00,B789,T2,52A,D,2026-08-03 22:10:00,2026-03-08 22:25:00,15,-0.4617486132350336,0.8870108331782218,0.0,1.0,15.0,89.0,-8.0,23.0,0.0,19.0,9.0,3.0,-5.0,12.0,-9.0,8.0,15.0,-11.0,54.0,14.0,7.0,10.0,-2.0,-12.0,2.0,34.0,5.0,15.0
839.0,AMX,2026-08-03 22:10:00,2026-03-08 22:33:00,E190,T2,82,A,2026-08-03 22:10:00,2026-03-08 22:33:00,23,-0.4617486132350336,0.8870108331782218,0.0,1.0,15.0,15.0,89.0,-8.0,23.0,0.0,19.0,9.0,3.0,-5.0,12.0,-9.0,8.0,15.0,-11.0,54.0,14.0,7.0,10.0,-2.0,-12.0,2.0,34.0,5.0
311.0,IBE,2026-08-03 22:10:00,2026-03-08 21:15:00,A350,T1,25,A,2026-08-03 22:10:00,2026-03-08 21:15:00,-55,-0.4617486132350336,0.8870108331782218,0.0,1.0,23.0,15.0,15.0,89.0,-8.0,23.0,0.0,19.0,9.0,3.0,-5.0,12.0,-9.0,8.0,15.0,-11.0,54.0,14.0,7.0,10.0,-2.0,-12.0,2.0,34.0
813.0,AMX,2026-08-03 22:15:00,2026-03-08 22:05:00,B738,T2,73,A,2026-08-03 22:15:00,2026-03-08 22:05:00,-10,-0.4422886902190014,0.8968727415326883,0.0,1.0,-55.0,23.0,15.0,15.0,89.0,-8.0,23.0,0.0,19.0,9.0,3.0,-5.0,12.0,-9.0,8.0,15.0,-11.0,54.0,14.0,7.0,10.0,-2.0,-12.0,2.0
861.0,AMX,2026-08-03 22:15:00,2026-03-08 22:04:00,E190,T2,76,A,2026-08-03 22:15:00,2026-03-08 22:04:00,-11,-0.4422886902190014,0.8968727415326883,0.0,1.0,-10.0,-55.0,23.0,15.0,15.0,89.0,-8.0,23.0,0.0,19.0,9.0,3.0,-5.0,12.0,-9.0,8.0,15.0,-11.0,54.0,14.0,7.0,10.0,-2.0,-12.0
387.0,AMX,2026-08-03 22:15:00,2026-03-08 22:00:00,B738,T2,81,A,2026-08-03 22:15:00,2026-03-08 22:00:00,-15,-0.4422886902190014,0.8968727415326883,0.0,1.0,-11.0,-10.0,-55.0,23.0,15.0,15.0,89.0,-8.0,23.0,0.0,19.0,9.0,3.0,-5.0,12.0,-9.0,8.0,15.0,-11.0,54.0,14.0,7.0,10.0,-2.0
2417.0,AAL,2026-08-03 22:20:00,2026-03-08 22:04:00,B738,T1,33,A,2026-08-03 22:20:00,2026-03-08 22:04:00,-16,-0.4226182617407,0.9063077870366496,0.0,1.0,-15.0,-11.0,-10.0,-55.0,23.0,15.0,15.0,89.0,-8.0,23.0,0.0,19.0,9.0,3.0,-5.0,12.0,-9.0,8.0,15.0,-11.0,54.0,14.0,7.0,10.0
110.0,VOI,2026-08-03 22:20:00,2026-03-08 22:20:00,A321,T1,24,D,2026-08-03 22:20:00,2026-03-08 22:20:00,0,-0.4226182617407,0.9063077870366496,0.0,1.0,-16.0,-15.0,-11.0,-10.0,-55.0,23.0,15.0,15.0,89.0,-8.0,23.0,0.0,19.0,9.0,3.0,-5.0,12.0,-9.0,8.0,15.0,-11.0,54.0,14.0,7.0
120.0,AMX,2026-08-03 22:25:00,2026-03-08 22:24:00,B738,T2,67,A,2026-08-03 22:25:00,2026-03-08 22:24:00,-1,-0.4027466898587366,0.9153114791194474,0.0,1.0,0.0,-16.0,-15.0,-11.0,-10.0,-55.0,23.0,15.0,15.0,89.0,-8.0,23.0,0.0,19.0,9.0,3.0,-5.0,12.0,-9.0,8.0,15.0,-11.0,54.0,14.0
109.0,AMX,2026-08-03 22:30:00,2026-03-08 22:33:00,E190,T2,75,A,2026-08-03 22:30:00,2026-03-08 22:33:00,3,-0.3826834323650895,0.9238795325112868,0.0,1.0,-1.0,0.0,-16.0,-15.0,-11.0,-10.0,-55.0,23.0,15.0,15.0,89.0,-8.0,23.0,0.0,19.0,9.0,3.0,-5.0,12.0,-9.0,8.0,15.0,-11.0,54.0
187.0,AMX,2026-08-03 22:30:00,2026-03-08 22:24:00,B39M,T2,65,A,2026-08-03 22:30:00,2026-03-08 22:24:00,-6,-0.3826834323650895,0.9238795325112868,0.0,1.0,3.0,-1.0,0.0,-16.0,-15.0,-11.0,-10.0,-55.0,23.0,15.0,15.0,89.0,-8.0,23.0,0.0,19.0,9.0,3.0,-5.0,12.0,-9.0,8.0,15.0,-11.0
561.0,AMX,2026-08-03 22:30:00,2026-03-08 23:10:00,B39M,T2,68,A,2026-08-03 22:30:00,2026-03-08 23:10:00,40,-0.3826834323650895,0.9238795325112868,0.0,1.0,-6.0,3.0,-1.0,0.0,-16.0,-15.0,-11.0,-10.0,-55.0,23.0,15.0,15.0,89.0,-8.0,23.0,0.0,19.0,9.0,3.0,-5.0,12.0,-9.0,8.0,15.0
801.0,VOI,2026-08-03 22:30:00,2026-03-08 22:41:00,A320,T1,39,A,2026-08-03 22:30:00,2026-03-08 22:41:00,11,-0.3826834323650895,0.9238795325112868,0.0,1.0,40.0,-6.0,3.0,-1.0,0.0,-16.0,-15.0,-11.0,-10.0,-55.0,23.0,15.0,15.0,89.0,-8.0,23.0,0.0,19.0,9.0,3.0,-5.0,12.0,-9.0,8.0
471.0,AMX,2026-08-03 22:35:00,2026-03-08 22:26:00,B7M8,T2,60,A,2026-08-03 22:35:00,2026-03-08 22:26:00,-9,-0.3624380382837018,0.9320078692827984,0.0,1.0,11.0,40.0,-6.0,3.0,-1.0,0.0,-16.0,-15.0,-11.0,-10.0,-55.0,23.0,15.0,15.0,89.0,-8.0,23.0,0.0,19.0,9.0,3.0,-5.0,12.0,-9.0
959.0,AMX,2026-08-03 22:35:00,2026-03-08 22:30:00,B39M,T2,63,A,2026-08-03 22:35:00,2026-03-08 22:30:00,-5,-0.3624380382837018,0.9320078692827984,0.0,1.0,-9.0,11.0,40.0,-6.0,3.0,-1.0,0.0,-16.0,-15.0,-11.0,-10.0,-55.0,23.0,15.0,15.0,89.0,-8.0,23.0,0.0,19.0,9.0,3.0,-5.0,12.0
1069.0,VIV,2026-08-03 22:40:00,2026-03-08 23:07:00,A320,T1,9,A,2026-08-03 22:40:00,2026-03-08 23:07:00,27,-0.3420201433256686,0.9396926207859084,0.0,1.0,-5.0,-9.0,11.0,40.0,-6.0,3.0,-1.0,0.0,-16.0,-15.0,-11.0,-10.0,-55.0,23.0,15.0,15.0,89.0,-8.0,23.0,0.0,19.0,9.0,3.0,-5.0
245.0,VOI,2026-08-03 22:45:00,2026-03-08 23:03:00,A320,T1,18,A,2026-08-03 22:45:00,2026-03-08 23:03:00,18,-0.3214394653031618,0.9469301294951056,0.0,1.0,27.0,-5.0,-9.0,11.0,40.0,-6.0,3.0,-1.0,0.0,-16.0,-15.0,-11.0,-10.0,-55.0,23.0,15.0,15.0,89.0,-8.0,23.0,0.0,19.0,9.0,3.0
391.0,VOI,2026-08-03 22:45:00,2026-03-08 22:29:00,A320,T1,2,A,2026-08-03 22:45:00,2026-03-08 22:29:00,-16,-0.3214394653031618,0.9469301294951056,0.0,1.0,18.0,27.0,-5.0,-9.0,11.0,40.0,-6.0,3.0,-1.0,0.0,-16.0,-15.0,-11.0,-10.0,-55.0,23.0,15.0,15.0,89.0,-8.0,23.0,0.0,19.0,9.0
1540.0,AMX,2026-08-03 22:45:00,2026-03-08 22:59:00,E190,T2,74,D,2026-08-03 22:45:00,2026-03-08 22:59:00,14,-0.3214394653031618,0.9469301294951056,0.0,1.0,-16.0,18.0,27.0,-5.0,-9.0,11.0,40.0,-6.0,3.0,-1.0,0.0,-16.0,-15.0,-11.0,-10.0,-55.0,23.0,15.0,15.0,89.0,-8.0,23.0,0.0,19.0
7.0,AMX,2026-08-03 22:45:00,2026-03-08 23:01:00,B788,T2,68,D,2026-08-03 22:45:00,2026-03-08 23:01:00,16,-0.3214394653031618,0.9469301294951056,0.0,1.0,14.0,-16.0,18.0,27.0,-5.0,-9.0,11.0,40.0,-6.0,3.0,-1.0,0.0,-16.0,-15.0,-11.0,-10.0,-55.0,23.0,15.0,15.0,89.0,-8.0,23.0,0.0
367.0,AMX,2026-08-03 22:50:00,2026-03-08 22:33:00,B39M,T2,84,A,2026-08-03 22:50:00,2026-03-08 22:33:00,-17,-0.3007057995042738,0.9537169507482268,0.0,1.0,16.0,14.0,-16.0,18.0,27.0,-5.0,-9.0,11.0,40.0,-6.0,3.0,-1.0,0.0,-16.0,-15.0,-11.0,-10.0,-55.0,23.0,15.0,15.0,89.0,-8.0,23.0
1144.0,VIV,2026-08-03 22:50:00,2026-03-08 23:12:00,A321,T1,15,D,2026-08-03 22:50:00,2026-03-08 23:12:00,22,-0.3007057995042738,0.9537169507482268,0.0,1.0,-17.0,16.0,14.0,-16.0,18.0,27.0,-5.0,-9.0,11.0,40.0,-6.0,3.0,-1.0,0.0,-16.0,-15.0,-11.0,-10.0,-55.0,23.0,15.0,15.0,89.0,-8.0
167.0,AMX,2026-08-03 22:50:00,2026-03-08 22:49:00,E190,T2,89,A,2026-08-03 22:50:00,2026-03-08 22:49:00,-1,-0.3007057995042738,0.9537169507482268,0.0,1.0,22.0,-17.0,16.0,14.0,-16.0,18.0,27.0,-5.0,-9.0,11.0,40.0,-6.0,3.0,-1.0,0.0,-16.0,-15.0,-11.0,-10.0,-55.0,23.0,15.0,15.0,89.0
2133.0,AMX,2026-08-03 22:50:00,2026-03-08 22:42:00,E190,T2,80,A,2026-08-03 22:50:00,2026-03-08 22:42:00,-8,-0.3007057995042738,0.9537169507482268,0.0,1.0,-1.0,22.0,-17.0,16.0,14.0,-16.0,18.0,27.0,-5.0,-9.0,11.0,40.0,-6.0,3.0,-1.0,0.0,-16.0,-15.0,-11.0,-10.0,-55.0,23.0,15.0,15.0
186.0,AVA,2026-08-03 22:55:00,2026-03-08 22:45:00,A320,T1,31,A,2026-08-03 22:55:00,2026-03-08 22:45:00,-10,-0.2798290140309924,0.9600498543859286,0.0,1.0,-8.0,-1.0,22.0,-17.0,16.0,14.0,-16.0,18.0,27.0,-5.0,-9.0,11.0,40.0,-6.0,3.0,-1.0,0.0,-16.0,-15.0,-11.0,-10.0,-55.0,23.0,15.0
2466.0,AMX,2026-08-03 22:55:00,2026-03-08 23:01:00,E190,T2,76,D,2026-08-03 22:55:00,2026-03-08 23:01:00,6,-0.2798290140309924,0.9600498543859286,0.0,1.0,-10.0,-8.0,-1.0,22.0,-17.0,16.0,14.0,-16.0,18.0,27.0,-5.0,-9.0,11.0,40.0,-6.0,3.0,-1.0,0.0,-16.0,-15.0,-11.0,-10.0,-55.0,23.0
149.0,AMX,2026-08-03 22:55:00,2026-03-08 22:39:00,B738,T2,69,A,2026-08-03 22:55:00,2026-03-08 22:39:00,-16,-0.2798290140309924,0.9600498543859286,0.0,1.0,6.0,-10.0,-8.0,-1.0,22.0,-17.0,16.0,14.0,-16.0,18.0,27.0,-5.0,-9.0,11.0,40.0,-6.0,3.0,-1.0,0.0,-16.0,-15.0,-11.0,-10.0,-55.0
263.0,AMX,2026-08-03 23:00:00,2026-03-08 22:47:00,B738,T2,64,A,2026-08-03 23:00:00,2026-03-08 22:47:00,-13,-0.2588190451025215,0.965925826289068,0.0,1.0,-16.0,6.0,-10.0,-8.0,-1.0,22.0,-17.0,16.0,14.0,-16.0,18.0,27.0,-5.0,-9.0,11.0,40.0,-6.0,3.0,-1.0,0.0,-16.0,-15.0,-11.0,-10.0
996.0,ACA,2026-08-03 23:05:00,2026-03-09 00:12:00,B7M8,T1,24,A,2026-08-03 23:05:00,2026-03-09 00:12:00,67,-0.2376858923261743,0.9713420698132612,0.0,1.0,-13.0,-16.0,6.0,-10.0,-8.0,-1.0,22.0,-17.0,16.0,14.0,-16.0,18.0,27.0,-5.0,-9.0,11.0,40.0,-6.0,3.0,-1.0,0.0,-16.0,-15.0,-11.0
841.0,AMX,2026-08-03 23:05:00,2026-03-08 22:45:00,B738,T2,78,A,2026-08-03 23:05:00,2026-03-08 22:45:00,-20,-0.2376858923261743,0.9713420698132612,0.0,1.0,67.0,-13.0,-16.0,6.0,-10.0,-8.0,-1.0,22.0,-17.0,16.0,14.0,-16.0,18.0,27.0,-5.0,-9.0,11.0,40.0,-6.0,3.0,-1.0,0.0,-16.0,-15.0
1941.0,AAL,2026-08-03 23:10:00,2026-03-08 22:58:00,B7M8,T1,27,A,2026-08-03 23:10:00,2026-03-08 22:58:00,-12,-0.2164396139381028,0.9762960071199334,0.0,1.0,-20.0,67.0,-13.0,-16.0,6.0,-10.0,-8.0,-1.0,22.0,-17.0,16.0,14.0,-16.0,18.0,27.0,-5.0,-9.0,11.0,40.0,-6.0,3.0,-1.0,0.0,-16.0
375.0,AMX,2026-08-03 23:10:00,2026-03-08 22:52:00,E190,T2,87,A,2026-08-03 23:10:00,2026-03-08 22:52:00,-18,-0.2164396139381028,0.9762960071199334,0.0,1.0,-12.0,-20.0,67.0,-13.0,-16.0,6.0,-10.0,-8.0,-1.0,22.0,-17.0,16.0,14.0,-16.0,18.0,27.0,-5.0,-9.0,11.0,40.0,-6.0,3.0,-1.0,0.0
23.0,AVA,2026-08-03 23:10:00,2026-03-08 23:09:00,A320,T1,36,D,2026-08-03 23:10:00,2026-03-08 23:09:00,-1,-0.2164396139381028,0.9762960071199334,0.0,1.0,-18.0,-12.0,-20.0,67.0,-13.0,-16.0,6.0,-10.0,-8.0,-1.0,22.0,-17.0,16.0,14.0,-16.0,18.0,27.0,-5.0,-9.0,11.0,40.0,-6.0,3.0,-1.0
429.0,UAL,2026-08-03 23:10:00,2026-03-08 23:55:00,A320,T1,32,A,2026-08-03 23:10:00,2026-03-08 23:55:00,45,-0.2164396139381028,0.9762960071199334,0.0,1.0,-1.0,-18.0,-12.0,-20.0,67.0,-13.0,-16.0,6.0,-10.0,-8.0,-1.0,22.0,-17.0,16.0,14.0,-16.0,18.0,27.0,-5.0,-9.0,11.0,40.0,-6.0,3.0
963.0,AMX,2026-08-03 23:15:00,2026-03-09 00:07:00,B738,T2,67,A,2026-08-03 23:15:00,2026-03-09 00:07:00,52,-0.1950903220161287,0.9807852804032304,0.0,1.0,45.0,-1.0,-18.0,-12.0,-20.0,67.0,-13.0,-16.0,6.0,-10.0,-8.0,-1.0,22.0,-17.0,16.0,14.0,-16.0,18.0,27.0,-5.0,-9.0,11.0,40.0,-6.0
715.0,AMX,2026-08-03 23:15:00,2026-03-08 23:16:00,B738,T2,76,A,2026-08-03 23:15:00,2026-03-08 23:16:00,1,-0.1950903220161287,0.9807852804032304,0.0,1.0,52.0,45.0,-1.0,-18.0,-12.0,-20.0,67.0,-13.0,-16.0,6.0,-10.0,-8.0,-1.0,22.0,-17.0,16.0,14.0,-16.0,18.0,27.0,-5.0,-9.0,11.0,40.0
1025.0,VIV,2026-08-03 23:30:00,2026-03-08 23:41:00,A321,T1,17,A,2026-08-03 23:30:00,2026-03-08 23:41:00,11,-0.1305261922200516,0.9914448613738104,0.0,1.0,1.0,52.0,45.0,-1.0,-18.0,-12.0,-20.0,67.0,-13.0,-16.0,6.0,-10.0,-8.0,-1.0,22.0,-17.0,16.0,14.0,-16.0,18.0,27.0,-5.0,-9.0,11.0
1070.0,VIV,2026-08-03 23:30:00,2026-03-08 23:53:00,A320,T1,9,D,2026-08-03 23:30:00,2026-03-08 23:53:00,23,-0.1305261922200516,0.9914448613738104,0.0,1.0,11.0,1.0,52.0,45.0,-1.0,-18.0,-12.0,-20.0,67.0,-13.0,-16.0,6.0,-10.0,-8.0,-1.0,22.0,-17.0,16.0,14.0,-16.0,18.0,27.0,-5.0,-9.0
147.0,VOI,2026-08-03 23:35:00,2026-03-08 23:11:00,A321,T1,13,A,2026-08-03 23:35:00,2026-03-08 23:11:00,-24,-0.1088668748519651,0.9940563382223196,0.0,1.0,23.0,11.0,1.0,52.0,45.0,-1.0,-18.0,-12.0,-20.0,67.0,-13.0,-16.0,6.0,-10.0,-8.0,-1.0,22.0,-17.0,16.0,14.0,-16.0,18.0,27.0,-5.0
1109.0,VIV,2026-08-03 23:40:00,2026-03-08 23:27:00,A321,T1,8,A,2026-08-03 23:40:00,2026-03-08 23:27:00,-13,-0.0871557427476574,0.9961946980917455,0.0,1.0,-24.0,23.0,11.0,1.0,52.0,45.0,-1.0,-18.0,-12.0,-20.0,67.0,-13.0,-16.0,6.0,-10.0,-8.0,-1.0,22.0,-17.0,16.0,14.0,-16.0,18.0,27.0
105.0,VOI,2026-08-03 23:40:00,2026-03-08 23:28:00,A321,T1,S4,A,2026-08-03 23:40:00,2026-03-08 23:28:00,-12,-0.0871557427476574,0.9961946980917455,0.0,1.0,-13.0,-24.0,23.0,11.0,1.0,52.0,45.0,-1.0,-18.0,-12.0,-20.0,67.0,-13.0,-16.0,6.0,-10.0,-8.0,-1.0,22.0,-17.0,16.0,14.0,-16.0,18.0
5616.0,VOI,2026-08-03 23:45:00,2026-03-08 23:26:00,A320,T1,4,A,2026-08-03 23:45:00,2026-03-08 23:26:00,-19,-0.0654031292301428,0.9978589232386036,0.0,1.0,-12.0,-13.0,-24.0,23.0,11.0,1.0,52.0,45.0,-1.0,-18.0,-12.0,-20.0,67.0,-13.0,-16.0,6.0,-10.0,-8.0,-1.0,22.0,-17.0,16.0,14.0,-16.0
381.0,VOI,2026-08-03 23:45:00,2026-03-09 01:00:00,A321,T1,16,A,2026-08-03 23:45:00,2026-03-09 01:00:00,75,-0.0654031292301428,0.9978589232386036,0.0,1.0,-19.0,-12.0,-13.0,-24.0,23.0,11.0,1.0,52.0,45.0,-1.0,-18.0,-12.0,-20.0,67.0,-13.0,-16.0,6.0,-10.0,-8.0,-1.0,22.0,-17.0,16.0,14.0
2820.0,FLE,2026-08-03 23:45:00,2026-03-08 23:42:00,B7M8,T1,26,A,2026-08-03 23:45:00,2026-03-08 23:42:00,-3,-0.0654031292301428,0.9978589232386036,0.0,1.0,75.0,-19.0,-12.0,-13.0,-24.0,23.0,11.0,1.0,52.0,45.0,-1.0,-18.0,-12.0,-20.0,67.0,-13.0,-16.0,6.0,-10.0,-8.0,-1.0,22.0,-17.0,16.0
1189.0,VIV,2026-08-03 23:45:00,2026-03-08 23:25:00,A320,T1,10,A,2026-08-03 23:45:00,2026-03-08 23:25:00,-20,-0.0654031292301428,0.9978589232386036,0.0,1.0,-3.0,75.0,-19.0,-12.0,-13.0,-24.0,23.0,11.0,1.0,52.0,45.0,-1.0,-18.0,-12.0,-20.0,67.0,-13.0,-16.0,6.0,-10.0,-8.0,-1.0,22.0,-17.0
993.0,ACA,2026-08-03 23:50:00,2026-03-09 00:52:00,B7M8,T1,41,A,2026-08-03 23:50:00,2026-03-09 00:52:00,62,-0.0436193873653361,0.9990482215818578,0.0,1.0,-20.0,-3.0,75.0,-19.0,-12.0,-13.0,-24.0,23.0,11.0,1.0,52.0,45.0,-1.0,-18.0,-12.0,-20.0,67.0,-13.0,-16.0,6.0,-10.0,-8.0,-1.0,22.0
189.0,AMX,2026-08-03 23:55:00,2026-03-09 00:02:00,B738,T2,78,A,2026-08-03 23:55:00,2026-03-09 00:02:00,7,-0.0218148850345609,0.9997620270799092,0.0,1.0,62.0,-20.0,-3.0,75.0,-19.0,-12.0,-13.0,-24.0,23.0,11.0,1.0,52.0,45.0,-1.0,-18.0,-12.0,-20.0,67.0,-13.0,-16.0,6.0,-10.0,-8.0,-1.0
643.0,AMX,2026-08-03 23:55:00,2026-03-08 23:54:00,B738,T2,61,A,2026-08-03 23:55:00,2026-03-08 23:54:00,-1,-0.0218148850345609,0.9997620270799092,0.0,1.0,7.0,62.0,-20.0,-3.0,75.0,-19.0,-12.0,-13.0,-24.0,23.0,11.0,1.0,52.0,45.0,-1.0,-18.0,-12.0,-20.0,67.0,-13.0,-16.0,6.0,-10.0,-8.0
1255.0,VIV,2026-08-03 23:55:00,2026-03-09 00:30:00,A321,T1,5,A,2026-08-03 23:55:00,2026-03-09 00:30:00,35,-0.0218148850345609,0.9997620270799092,0.0,1.0,-1.0,7.0,62.0,-20.0,-3.0,75.0,-19.0,-12.0,-13.0,-24.0,23.0,11.0,1.0,52.0,45.0,-1.0,-18.0,-12.0,-20.0,67.0,-13.0,-16.0,6.0,-10.0
995.0,ACA,2026-09-01 00:00:00,2026-01-08 23:50:00,B7M8,T1,33,A,2026-09-01 00:00:00,2026-01-08 23:50:00,-10,0.0,1.0,0.7818314824680298,0.6234898018587336,35.0,-1.0,7.0,62.0,-20.0,-3.0,75.0,-19.0,-12.0,-13.0,-24.0,23.0,11.0,1.0,52.0,45.0,-1.0,-18.0,-12.0,-20.0,67.0,-13.0,-16.0,6.0
996.0,ACA,2026-09-01 00:05:00,2026-01-08 23:51:00,B7M8,T1,28,A,2026-09-01 00:05:00,2026-01-08 23:51:00,-14,0.0218148850345611,0.9997620270799092,0.7818314824680298,0.6234898018587336,-10.0,35.0,-1.0,7.0,62.0,-20.0,-3.0,75.0,-19.0,-12.0,-13.0,-24.0,23.0,11.0,1.0,52.0,45.0,-1.0,-18.0,-12.0,-20.0,67.0,-13.0,-16.0
8031.0,CSN,2026-09-01 00:05:00,2026-01-08 23:45:00,A350,T1,25,A,2026-09-01 00:05:00,2026-01-08 23:45:00,-20,0.0218148850345611,0.9997620270799092,0.7818314824680298,0.6234898018587336,-14.0,-10.0,35.0,-1.0,7.0,62.0,-20.0,-3.0,75.0,-19.0,-12.0,-13.0,-24.0,23.0,11.0,1.0,52.0,45.0,-1.0,-18.0,-12.0,-20.0,67.0,-13.0
312.0,IBE,2026-09-01 00:05:00,2026-01-09 00:24:00,A350,T1,24,D,2026-09-01 00:05:00,2026-01-09 00:24:00,19,0.0218148850345611,0.9997620270799092,0.7818314824680298,0.6234898018587336,-20.0,-14.0,-10.0,35.0,-1.0,7.0,62.0,-20.0,-3.0,75.0,-19.0,-12.0,-13.0,-24.0,23.0,11.0,1.0,52.0,45.0,-1.0,-18.0,-12.0,-20.0,67.0
1229.0,VIV,2026-09-01 00:05:00,2026-01-09 01:31:00,A321,T1,8,A,2026-09-01 00:05:00,2026-01-09 01:31:00,86,0.0218148850345611,0.9997620270799092,0.7818314824680298,0.6234898018587336,19.0,-20.0,-14.0,-10.0,35.0,-1.0,7.0,62.0,-20.0,-3.0,75.0,-19.0,-12.0,-13.0,-24.0,23.0,11.0,1.0,52.0,45.0,-1.0,-18.0,-12.0,-20.0
1287.0,VIV,2026-09-01 00:05:00,2026-01-09 00:21:00,A321,T1,6,A,2026-09-01 00:05:00,2026-01-09 00:21:00,16,0.0218148850345611,0.9997620270799092,0.7818314824680298,0.6234898018587336,86.0,19.0,-20.0,-14.0,-10.0,35.0,-1.0,7.0,62.0,-20.0,-3.0,75.0,-19.0,-12.0,-13.0,-24.0,23.0,11.0,1.0,52.0,45.0,-1.0,-18.0,-12.0
713.0,VOI,2026-09-01 00:05:00,2026-01-09 00:39:00,A320,T1,36,A,2026-09-01 00:05:00,2026-01-09 00:39:00,34,0.0218148850345611,0.9997620270799092,0.7818314824680298,0.6234898018587336,16.0,86.0,19.0,-20.0,-14.0,-10.0,35.0,-1.0,7.0,62.0,-20.0,-3.0,75.0,-19.0,-12.0,-13.0,-24.0,23.0,11.0,1.0,52.0,45.0,-1.0,-18.0
1359.0,VIV,2026-09-01 00:10:00,2026-01-09 00:46:00,A320,T1,5,A,2026-09-01 00:10:00,2026-01-09 00:46:00,36,0.043619387365336,0.9990482215818578,0.7818314824680298,0.6234898018587336,34.0,16.0,86.0,19.0,-20.0,-14.0,-10.0,35.0,-1.0,7.0,62.0,-20.0,-3.0,75.0,-19.0,-12.0,-13.0,-24.0,23.0,11.0,1.0,52.0,45.0,-1.0
429.0,UAL,2026-09-01 00:10:00,2026-01-09 00:01:00,A320,T1,34,A,2026-09-01 00:10:00,2026-01-09 00:01:00,-9,0.043619387365336,0.9990482215818578,0.7818314824680298,0.6234898018587336,36.0,34.0,16.0,86.0,19.0,-20.0,-14.0,-10.0,35.0,-1.0,7.0,62.0,-20.0,-3.0,75.0,-19.0,-12.0,-13.0,-24.0,23.0,11.0,1.0,52.0,45.0
9446.0,AMX,2026-09-01 00:10:00,2026-01-08 23:50:00,B738,T2,67,D,2026-09-01 00:10:00,2026-01-08 23:50:00,-20,0.043619387365336,0.9990482215818578,0.7818314824680298,0.6234898018587336,-9.0,36.0,34.0,16.0,86.0,19.0,-20.0,-14.0,-10.0,35.0,-1.0,7.0,62.0,-20.0,-3.0,75.0,-19.0,-12.0,-13.0,-24.0,23.0,11.0,1.0,52.0
1941.0,AAL,2026-09-01 00:10:00,2026-01-08 23:32:00,B7M8,T1,29,A,2026-09-01 00:10:00,2026-01-08 23:32:00,-38,0.043619387365336,0.9990482215818578,0.7818314824680298,0.6234898018587336,-20.0,-9.0,36.0,34.0,16.0,86.0,19.0,-20.0,-14.0,-10.0,35.0,-1.0,7.0,62.0,-20.0,-3.0,75.0,-19.0,-12.0,-13.0,-24.0,23.0,11.0,1.0
194.0,CMP,2026-09-01 00:15:00,2026-01-09 00:14:00,B738,T1,23,A,2026-09-01 00:15:00,2026-01-09 00:14:00,-1,0.065403129230143,0.9978589232386036,0.7818314824680298,0.6234898018587336,-38.0,-20.0,-9.0,36.0,34.0,16.0,86.0,19.0,-20.0,-14.0,-10.0,35.0,-1.0,7.0,62.0,-20.0,-3.0,75.0,-19.0,-12.0,-13.0,-24.0,23.0,11.0
2996.0,AAL,2026-09-01 00:25:00,2026-01-09 00:23:00,B7M8,T1,36,D,2026-09-01 00:25:00,2026-01-09 00:23:00,-2,0.1088668748519645,0.9940563382223196,0.7818314824680298,0.6234898018587336,-1.0,-38.0,-20.0,-9.0,36.0,34.0,16.0,86.0,19.0,-20.0,-14.0,-10.0,35.0,-1.0,7.0,62.0,-20.0,-3.0,75.0,-19.0,-12.0,-13.0,-24.0,23.0
692.0,AMX,2026-09-01 00:30:00,2026-01-09 00:48:00,B738,T2,53,D,2026-09-01 00:30:00,2026-01-09 00:48:00,18,0.1305261922200515,0.9914448613738104,0.7818314824680298,0.6234898018587336,-2.0,-1.0,-38.0,-20.0,-9.0,36.0,34.0,16.0,86.0,19.0,-20.0,-14.0,-10.0,35.0,-1.0,7.0,62.0,-20.0,-3.0,75.0,-19.0,-12.0,-13.0,-24.0
187.0,AVA,2026-09-01 00:40:00,2026-01-09 00:38:00,A320,T1,32,D,2026-09-01 00:40:00,2026-01-09 00:38:00,-2,0.1736481776669303,0.984807753012208,0.7818314824680298,0.6234898018587336,18.0,-2.0,-1.0,-38.0,-20.0,-9.0,36.0,34.0,16.0,86.0,19.0,-20.0,-14.0,-10.0,35.0,-1.0,7.0,62.0,-20.0,-3.0,75.0,-19.0,-12.0,-13.0
700.0,VOI,2026-09-01 00:40:00,2026-01-09 00:33:00,A321,T1,27,D,2026-09-01 00:40:00,2026-01-09 00:33:00,-7,0.1736481776669303,0.984807753012208,0.7818314824680298,0.6234898018587336,-2.0,18.0,-2.0,-1.0,-38.0,-20.0,-9.0,36.0,34.0,16.0,86.0,19.0,-20.0,-14.0,-10.0,35.0,-1.0,7.0,62.0,-20.0,-3.0,75.0,-19.0,-12.0
2627.0,FLE,2026-09-01 00:45:00,2026-01-09 01:00:00,B7M8,T1,26,D,2026-09-01 00:45:00,2026-01-09 01:00:00,15,0.1950903220161282,0.9807852804032304,0.7818314824680298,0.6234898018587336,-7.0,-2.0,18.0,-2.0,-1.0,-38.0,-20.0,-9.0,36.0,34.0,16.0,86.0,19.0,-20.0,-14.0,-10.0,35.0,-1.0,7.0,62.0,-20.0,-3.0,75.0,-19.0
717.0,AMX,2026-09-01 00:50:00,2026-01-09 00:52:00,B7M8,T2,62,D,2026-09-01 00:50:00,2026-01-09 00:52:00,2,0.2164396139381028,0.9762960071199334,0.7818314824680298,0.6234898018587336,15.0,-7.0,-2.0,18.0,-2.0,-1.0,-38.0,-20.0,-9.0,36.0,34.0,16.0,86.0,19.0,-20.0,-14.0,-10.0,35.0,-1.0,7.0,62.0,-20.0,-3.0,75.0
654.0,AMX,2026-09-01 01:00:00,2026-01-09 01:22:00,B7M8,T2,52,D,2026-09-01 01:00:00,2026-01-09 01:22:00,22,0.2588190451025207,0.9659258262890684,0.7818314824680298,0.6234898018587336,2.0,15.0,-7.0,-2.0,18.0,-2.0,-1.0,-38.0,-20.0,-9.0,36.0,34.0,16.0,86.0,19.0,-20.0,-14.0,-10.0,35.0,-1.0,7.0,62.0,-20.0,-3.0
858.0,CMP,2026-09-01 01:00:00,2026-01-09 01:05:00,B738,T1,27,A,2026-09-01 01:00:00,2026-01-09 01:05:00,5,0.2588190451025207,0.9659258262890684,0.7818314824680298,0.6234898018587336,22.0,2.0,15.0,-7.0,-2.0,18.0,-2.0,-1.0,-38.0,-20.0,-9.0,36.0,34.0,16.0,86.0,19.0,-20.0,-14.0,-10.0,35.0,-1.0,7.0,62.0,-20.0
1039.0,VIV,2026-09-01 01:00:00,2026-01-09 00:47:00,A321,T1,11,A,2026-09-01 01:00:00,2026-01-09 00:47:00,-13,0.2588190451025207,0.9659258262890684,0.7818314824680298,0.6234898018587336,5.0,22.0,2.0,15.0,-7.0,-2.0,18.0,-2.0,-1.0,-38.0,-20.0,-9.0,36.0,34.0,16.0,86.0,19.0,-20.0,-14.0,-10.0,35.0,-1.0,7.0,62.0
411.0,VOI,2026-09-01 01:00:00,2026-01-09 01:18:00,A320,T1,4,A,2026-09-01 01:00:00,2026-01-09 01:18:00,18,0.2588190451025207,0.9659258262890684,0.7818314824680298,0.6234898018587336,-13.0,5.0,22.0,2.0,15.0,-7.0,-2.0,18.0,-2.0,-1.0,-38.0,-20.0,-9.0,36.0,34.0,16.0,86.0,19.0,-20.0,-14.0,-10.0,35.0,-1.0,7.0
992.0,ACA,2026-09-01 01:05:00,2026-01-09 01:05:00,B7M8,T1,33,D,2026-09-01 01:05:00,2026-01-09 01:05:00,0,0.279829014030992,0.9600498543859288,0.7818314824680298,0.6234898018587336,18.0,-13.0,5.0,22.0,2.0,15.0,-7.0,-2.0,18.0,-2.0,-1.0,-38.0,-20.0,-9.0,36.0,34.0,16.0,86.0,19.0,-20.0,-14.0,-10.0,35.0,-1.0
680.0,AMX,2026-09-01 01:05:00,2026-01-09 01:46:00,B7M8,T2,61,D,2026-09-01 01:05:00,2026-01-09 01:46:00,41,0.279829014030992,0.9600498543859288,0.7818314824680298,0.6234898018587336,0.0,18.0,-13.0,5.0,22.0,2.0,15.0,-7.0,-2.0,18.0,-2.0,-1.0,-38.0,-20.0,-9.0,36.0,34.0,16.0,86.0,19.0,-20.0,-14.0,-10.0,35.0
694.0,AMX,2026-09-01 01:05:00,2026-01-09 01:28:00,B7M8,T2,57,D,2026-09-01 01:05:00,2026-01-09 01:28:00,23,0.279829014030992,0.9600498543859288,0.7818314824680298,0.6234898018587336,41.0,0.0,18.0,-13.0,5.0,22.0,2.0,15.0,-7.0,-2.0,18.0,-2.0,-1.0,-38.0,-20.0,-9.0,36.0,34.0,16.0,86.0,19.0,-20.0,-14.0,-10.0
431.0,VOI,2026-09-01 01:10:00,2026-01-09 00:36:00,A320,T1,13,A,2026-09-01 01:10:00,2026-01-09 00:36:00,-34,0.3007057995042732,0.9537169507482268,0.7818314824680298,0.6234898018587336,23.0,41.0,0.0,18.0,-13.0,5.0,22.0,2.0,15.0,-7.0,-2.0,18.0,-2.0,-1.0,-38.0,-20.0,-9.0,36.0,34.0,16.0,86.0,19.0,-20.0,-14.0
149.0,CMP,2026-09-01 01:20:00,2026-01-09 01:16:00,B738,T1,35,D,2026-09-01 01:20:00,2026-01-09 01:16:00,-4,0.3420201433256687,0.9396926207859084,0.7818314824680298,0.6234898018587336,-34.0,23.0,41.0,0.0,18.0,-13.0,5.0,22.0,2.0,15.0,-7.0,-2.0,18.0,-2.0,-1.0,-38.0,-20.0,-9.0,36.0,34.0,16.0,86.0,19.0,-20.0
7925.0,CHH,2026-09-01 01:30:00,2026-01-09 01:15:00,B789,T1,24,A,2026-09-01 01:30:00,2026-01-09 01:15:00,-15,0.3826834323650898,0.9238795325112868,0.7818314824680298,0.6234898018587336,-4.0,-34.0,23.0,41.0,0.0,18.0,-13.0,5.0,22.0,2.0,15.0,-7.0,-2.0,18.0,-2.0,-1.0,-38.0,-20.0,-9.0,36.0,34.0,16.0,86.0,19.0
261.0,VOI,2026-09-01 01:35:00,2026-01-09 01:08:00,A321,T1,16,A,2026-09-01 01:35:00,2026-01-09 01:08:00,-27,0.4027466898587372,0.9153114791194472,0.7818314824680298,0.6234898018587336,-15.0,-4.0,-34.0,23.0,41.0,0.0,18.0,-13.0,5.0,22.0,2.0,15.0,-7.0,-2.0,18.0,-2.0,-1.0,-38.0,-20.0,-9.0,36.0,34.0,16.0,86.0
8032.0,CSN,2026-09-01 01:45:00,2026-01-09 01:43:00,A350,T1,25,D,2026-09-01 01:45:00,2026-01-09 01:43:00,-2,0.4422886902190012,0.8968727415326884,0.7818314824680298,0.6234898018587336,-27.0,-15.0,-4.0,-34.0,23.0,41.0,0.0,18.0,-13.0,5.0,22.0,2.0,15.0,-7.0,-2.0,18.0,-2.0,-1.0,-38.0,-20.0,-9.0,36.0,34.0,16.0
234.0,AVA,2026-09-01 01:55:00,2026-01-09 01:40:00,A320,T1,32,A,2026-09-01 01:55:00,2026-01-09 01:40:00,-15,0.4809887689193876,0.8767267557075077,0.7818314824680298,0.6234898018587336,-2.0,-27.0,-15.0,-4.0,-34.0,23.0,41.0,0.0,18.0,-13.0,5.0,22.0,2.0,15.0,-7.0,-2.0,18.0,-2.0,-1.0,-38.0,-20.0,-9.0,36.0,34.0
857.0,CMP,2026-09-01 02:00:00,2026-01-09 01:58:00,B738,T1,27,D,2026-09-01 02:00:00,2026-01-09 01:58:00,-2,0.4999999999999999,0.8660254037844387,0.7818314824680298,0.6234898018587336,-15.0,-2.0,-27.0,-15.0,-4.0,-34.0,23.0,41.0,0.0,18.0,-13.0,5.0,22.0,2.0,15.0,-7.0,-2.0,18.0,-2.0,-1.0,-38.0,-20.0,-9.0,36.0
811.0,VOI,2026-09-01 02:35:00,2026-01-09 02:09:00,A321,T1,25,A,2026-09-01 02:35:00,2026-01-09 02:09:00,-26,0.6259234721840591,0.7798844830928818,0.7818314824680298,0.6234898018587336,-2.0,-15.0,-2.0,-27.0,-15.0,-4.0,-34.0,23.0,41.0,0.0,18.0,-13.0,5.0,22.0,2.0,15.0,-7.0,-2.0,18.0,-2.0,-1.0,-38.0,-20.0,-9.0
185.0,VOI,2026-09-01 02:45:00,2026-01-09 02:41:00,A321,T1,26,A,2026-09-01 02:45:00,2026-01-09 02:41:00,-4,0.6593458151000688,0.7518398074789774,0.7818314824680298,0.6234898018587336,-26.0,-2.0,-15.0,-2.0,-27.0,-15.0,-4.0,-34.0,23.0,41.0,0.0,18.0,-13.0,5.0,22.0,2.0,15.0,-7.0,-2.0,18.0,-2.0,-1.0,-38.0,-20.0
44.0,AVA,2026-09-01 03:00:00,2026-01-09 02:44:00,A320,T1,36,A,2026-09-01 03:00:00,2026-01-09 02:44:00,-16,0.7071067811865476,0.7071067811865476,0.7818314824680298,0.6234898018587336,-4.0,-26.0,-2.0,-15.0,-2.0,-27.0,-15.0,-4.0,-34.0,23.0,41.0,0.0,18.0,-13.0,5.0,22.0,2.0,15.0,-7.0,-2.0,18.0,-2.0,-1.0,-38.0
26.0,AMX,2026-09-01 03:20:00,2026-01-09 02:50:00,B788,T2,67,A,2026-09-01 03:20:00,2026-01-09 02:50:00,-30,0.766044443118978,0.6427876096865394,0.7818314824680298,0.6234898018587336,-16.0,-4.0,-26.0,-2.0,-15.0,-2.0,-27.0,-15.0,-4.0,-34.0,23.0,41.0,0.0,18.0,-13.0,5.0,22.0,2.0,15.0,-7.0,-2.0,18.0,-2.0,-1.0
771.0,VOI,2026-09-01 03:20:00,2026-01-09 03:02:00,A321,T1,27,A,2026-09-01 03:20:00,2026-01-09 03:02:00,-18,0.766044443118978,0.6427876096865394,0.7818314824680298,0.6234898018587336,-30.0,-16.0,-4.0,-26.0,-2.0,-15.0,-2.0,-27.0,-15.0,-4.0,-34.0,23.0,41.0,0.0,18.0,-13.0,5.0,22.0,2.0,15.0,-7.0,-2.0,18.0,-2.0
9759.0,VOI,2026-09-01 03:30:00,2026-01-09 03:53:00,A320,T1,10,A,2026-09-01 03:30:00,2026-01-09 03:53:00,23,0.7933533402912352,0.6087614290087207,0.7818314824680298,0.6234898018587336,-18.0,-30.0,-16.0,-4.0,-26.0,-2.0,-15.0,-2.0,-27.0,-15.0,-4.0,-34.0,23.0,41.0,0.0,18.0,-13.0,5.0,22.0,2.0,15.0,-7.0,-2.0,18.0
5777.0,VOI,2026-09-01 03:45:00,2026-01-09 03:32:00,A320,T1,11,A,2026-09-01 03:45:00,2026-01-09 03:32:00,-13,0.8314696123025451,0.5555702330196024,0.7818314824680298,0.6234898018587336,23.0,-18.0,-30.0,-16.0,-4.0,-26.0,-2.0,-15.0,-2.0,-27.0,-15.0,-4.0,-34.0,23.0,41.0,0.0,18.0,-13.0,5.0,22.0,2.0,15.0,-7.0,-2.0
19.0,AMX,2026-09-01 04:15:00,2026-01-09 03:44:00,B7M8,T2,52,A,2026-09-01 04:15:00,2026-01-09 03:44:00,-31,0.8968727415326884,0.4422886902190012,0.7818314824680298,0.6234898018587336,-13.0,23.0,-18.0,-30.0,-16.0,-4.0,-26.0,-2.0,-15.0,-2.0,-27.0,-15.0,-4.0,-34.0,23.0,41.0,0.0,18.0,-13.0,5.0,22.0,2.0,15.0,-7.0
9758.0,VOI,2026-09-01 04:25:00,2026-01-09 01:37:00,A320,T1,2,D,2026-09-01 04:25:00,2026-01-09 01:37:00,-168,0.9153114791194472,0.4027466898587372,0.7818314824680298,0.6234898018587336,-31.0,-13.0,23.0,-18.0,-30.0,-16.0,-4.0,-26.0,-2.0,-15.0,-2.0,-27.0,-15.0,-4.0,-34.0,23.0,41.0,0.0,18.0,-13.0,5.0,22.0,2.0,15.0
5776.0,VOI,2026-09-01 04:25:00,2026-01-09 04:44:00,A320,T1,10,D,2026-09-01 04:25:00,2026-01-09 04:44:00,19,0.9153114791194472,0.4027466898587372,0.7818314824680298,0.6234898018587336,-168.0,-31.0,-13.0,23.0,-18.0,-30.0,-16.0,-4.0,-26.0,-2.0,-15.0,-2.0,-27.0,-15.0,-4.0,-34.0,23.0,41.0,0.0,18.0,-13.0,5.0,22.0,2.0
8.0,AMX,2026-09-01 04:35:00,2026-01-09 04:09:00,B788,T2,57A,A,2026-09-01 04:35:00,2026-01-09 04:09:00,-26,0.9320078692827984,0.3624380382837017,0.7818314824680298,0.6234898018587336,19.0,-168.0,-31.0,-13.0,23.0,-18.0,-30.0,-16.0,-4.0,-26.0,-2.0,-15.0,-2.0,-27.0,-15.0,-4.0,-34.0,23.0,41.0,0.0,18.0,-13.0,5.0,22.0
619.0,AMX,2026-09-01 04:50:00,2026-01-09 04:19:00,B7M8,T2,53,A,2026-09-01 04:50:00,2026-01-09 04:19:00,-31,0.9537169507482268,0.3007057995042733,0.7818314824680298,0.6234898018587336,-26.0,19.0,-168.0,-31.0,-13.0,23.0,-18.0,-30.0,-16.0,-4.0,-26.0,-2.0,-15.0,-2.0,-27.0,-15.0,-4.0,-34.0,23.0,41.0,0.0,18.0,-13.0,5.0
7926.0,CHH,2026-09-01 04:55:00,2026-01-09 04:44:00,B789,T1,24,D,2026-09-01 04:55:00,2026-01-09 04:44:00,-11,0.9600498543859288,0.279829014030992,0.7818314824680298,0.6234898018587336,-31.0,-26.0,19.0,-168.0,-31.0,-13.0,23.0,-18.0,-30.0,-16.0,-4.0,-26.0,-2.0,-15.0,-2.0,-27.0,-15.0,-4.0,-34.0,23.0,41.0,0.0,18.0,-13.0
189.0,AMX,2026-09-01 05:00:00,2026-01-09 04:44:00,B738,T2,65,A,2026-09-01 05:00:00,2026-01-09 04:44:00,-16,0.9659258262890684,0.2588190451025207,0.7818314824680298,0.6234898018587336,-11.0,-31.0,-26.0,19.0,-168.0,-31.0,-13.0,23.0,-18.0,-30.0,-16.0,-4.0,-26.0,-2.0,-15.0,-2.0,-27.0,-15.0,-4.0,-34.0,23.0,41.0,0.0,18.0
665.0,AMX,2026-09-01 05:00:00,2026-01-09 04:12:00,B39M,T2,60,A,2026-09-01 05:00:00,2026-01-09 04:12:00,-48,0.9659258262890684,0.2588190451025207,0.7818314824680298,0.6234898018587336,-16.0,-11.0,-31.0,-26.0,19.0,-168.0,-31.0,-13.0,23.0,-18.0,-30.0,-16.0,-4.0,-26.0,-2.0,-15.0,-2.0,-27.0,-15.0,-4.0,-34.0,23.0,41.0,0.0
235.0,AVA,2026-09-01 05:00:00,2026-01-09 04:58:00,A320,T1,32,D,2026-09-01 05:00:00,2026-01-09 04:58:00,-2,0.9659258262890684,0.2588190451025207,0.7818314824680298,0.6234898018587336,-48.0,-16.0,-11.0,-31.0,-26.0,19.0,-168.0,-31.0,-13.0,23.0,-18.0,-30.0,-16.0,-4.0,-26.0,-2.0,-15.0,-2.0,-27.0,-15.0,-4.0,-34.0,23.0,41.0
45.0,AVA,2026-09-01 05:00:00,2026-01-09 04:56:00,A320,T1,36,D,2026-09-01 05:00:00,2026-01-09 04:56:00,-4,0.9659258262890684,0.2588190451025207,0.7818314824680298,0.6234898018587336,-2.0,-48.0,-16.0,-11.0,-31.0,-26.0,19.0,-168.0,-31.0,-13.0,23.0,-18.0,-30.0,-16.0,-4.0,-26.0,-2.0,-15.0,-2.0,-27.0,-15.0,-4.0,-34.0,23.0
1232.0,VIV,2026-09-01 05:00:00,2026-01-09 04:56:00,A320,T1,3,D,2026-09-01 05:00:00,2026-01-09 04:56:00,-4,0.9659258262890684,0.2588190451025207,0.7818314824680298,0.6234898018587336,-4.0,-2.0,-48.0,-16.0,-11.0,-31.0,-26.0,19.0,-168.0,-31.0,-13.0,23.0,-18.0,-30.0,-16.0,-4.0,-26.0,-2.0,-15.0,-2.0,-27.0,-15.0,-4.0,-34.0
325.0,VOI,2026-09-01 05:00:00,2026-01-09 04:55:00,A320,T1,2,A,2026-09-01 05:00:00,2026-01-09 04:55:00,-5,0.9659258262890684,0.2588190451025207,0.7818314824680298,0.6234898018587336,-4.0,-4.0,-2.0,-48.0,-16.0,-11.0,-31.0,-26.0,19.0,-168.0,-31.0,-13.0,23.0,-18.0,-30.0,-16.0,-4.0,-26.0,-2.0,-15.0,-2.0,-27.0,-15.0,-4.0
412.0,UAL,2026-09-01 05:05:00,2026-01-09 04:46:00,B7M8,T1,31,A,2026-09-01 05:05:00,2026-01-09 04:46:00,-19,0.9713420698132614,0.2376858923261731,0.7818314824680298,0.6234898018587336,-5.0,-4.0,-4.0,-2.0,-48.0,-16.0,-11.0,-31.0,-26.0,19.0,-168.0,-31.0,-13.0,23.0,-18.0,-30.0,-16.0,-4.0,-26.0,-2.0,-15.0,-2.0,-27.0,-15.0
822.0,UAL,2026-09-01 05:05:00,2026-01-09 06:40:00,B7M8,T1,31,A,2026-09-01 05:05:00,2026-01-09 06:40:00,95,0.9713420698132614,0.2376858923261731,0.7818314824680298,0.6234898018587336,-19.0,-5.0,-4.0,-4.0,-2.0,-48.0,-16.0,-11.0,-31.0,-26.0,19.0,-168.0,-31.0,-13.0,23.0,-18.0,-30.0,-16.0,-4.0,-26.0,-2.0,-15.0,-2.0,-27.0
1251.0,VIV,2026-09-01 05:05:00,2026-01-09 04:53:00,A321,T1,10,A,2026-09-01 05:05:00,2026-01-09 04:53:00,-12,0.9713420698132614,0.2376858923261731,0.7818314824680298,0.6234898018587336,95.0,-19.0,-5.0,-4.0,-4.0,-2.0,-48.0,-16.0,-11.0,-31.0,-26.0,19.0,-168.0,-31.0,-13.0,23.0,-18.0,-30.0,-16.0,-4.0,-26.0,-2.0,-15.0,-2.0
303.0,IBE,2026-09-01 05:10:00,2026-01-09 05:10:00,A350,T1,25,A,2026-09-01 05:10:00,2026-01-09 05:10:00,0,0.9762960071199334,0.2164396139381029,0.7818314824680298,0.6234898018587336,-12.0,95.0,-19.0,-5.0,-4.0,-4.0,-2.0,-48.0,-16.0,-11.0,-31.0,-26.0,19.0,-168.0,-31.0,-13.0,23.0,-18.0,-30.0,-16.0,-4.0,-26.0,-2.0,-15.0
147.0,VIV,2026-09-01 05:15:00,2026-01-09 05:41:00,A321,T1,24,A,2026-09-01 05:15:00,2026-01-09 05:41:00,26,0.9807852804032304,0.1950903220161283,0.7818314824680298,0.6234898018587336,0.0,-12.0,95.0,-19.0,-5.0,-4.0,-4.0,-2.0,-48.0,-16.0,-11.0,-31.0,-26.0,19.0,-168.0,-31.0,-13.0,23.0,-18.0,-30.0,-16.0,-4.0,-26.0,-2.0
480.0,VOI,2026-09-01 05:20:00,2026-01-09 05:13:00,A320,T1,9,D,2026-09-01 05:20:00,2026-01-09 05:13:00,-7,0.984807753012208,0.1736481776669304,0.7818314824680298,0.6234898018587336,26.0,0.0,-12.0,95.0,-19.0,-5.0,-4.0,-4.0,-2.0,-48.0,-16.0,-11.0,-31.0,-26.0,19.0,-168.0,-31.0,-13.0,23.0,-18.0,-30.0,-16.0,-4.0,-26.0
689.0,AMX,2026-09-01 05:20:00,2026-01-09 05:06:00,B7M8,T2,56,A,2026-09-01 05:20:00,2026-01-09 05:06:00,-14,0.984807753012208,0.1736481776669304,0.7818314824680298,0.6234898018587336,-7.0,26.0,0.0,-12.0,95.0,-19.0,-5.0,-4.0,-4.0,-2.0,-48.0,-16.0,-11.0,-31.0,-26.0,19.0,-168.0,-31.0,-13.0,23.0,-18.0,-30.0,-16.0,-4.0
22.0,AMX,2026-09-01 05:20:00,2026-01-09 04:44:00,B789,T2,68,A,2026-09-01 05:20:00,2026-01-09 04:44:00,-36,0.984807753012208,0.1736481776669304,0.7818314824680298,0.6234898018587336,-14.0,-7.0,26.0,0.0,-12.0,95.0,-19.0,-5.0,-4.0,-4.0,-2.0,-48.0,-16.0,-11.0,-31.0,-26.0,19.0,-168.0,-31.0,-13.0,23.0,-18.0,-30.0,-16.0
711.0,VOI,2026-09-01 05:25:00,2026-01-09 05:10:00,A320,T1,32,A,2026-09-01 05:25:00,2026-01-09 05:10:00,-15,0.9883615104677608,0.1521233861899168,0.7818314824680298,0.6234898018587336,-36.0,-14.0,-7.0,26.0,0.0,-12.0,95.0,-19.0,-5.0,-4.0,-4.0,-2.0,-48.0,-16.0,-11.0,-31.0,-26.0,19.0,-168.0,-31.0,-13.0,23.0,-18.0,-30.0
709.0,AMX,2026-09-01 05:30:00,2026-01-09 05:15:00,B7M8,T2,55,A,2026-09-01 05:30:00,2026-01-09 05:15:00,-15,0.9914448613738104,0.1305261922200517,0.7818314824680298,0.6234898018587336,-15.0,-36.0,-14.0,-7.0,26.0,0.0,-12.0,95.0,-19.0,-5.0,-4.0,-4.0,-2.0,-48.0,-16.0,-11.0,-31.0,-26.0,19.0,-168.0,-31.0,-13.0,23.0,-18.0
180.0,VOI,2026-09-01 05:30:00,2026-01-09 05:27:00,A321,T1,22,D,2026-09-01 05:30:00,2026-01-09 05:27:00,-3,0.9914448613738104,0.1305261922200517,0.7818314824680298,0.6234898018587336,-15.0,-15.0,-36.0,-14.0,-7.0,26.0,0.0,-12.0,95.0,-19.0,-5.0,-4.0,-4.0,-2.0,-48.0,-16.0,-11.0,-31.0,-26.0,19.0,-168.0,-31.0,-13.0,23.0
799.0,AMX,2026-09-01 05:35:00,2026-01-09 05:12:00,B39M,T2,59,A,2026-09-01 05:35:00,2026-01-09 05:12:00,-23,0.9940563382223196,0.1088668748519647,0.7818314824680298,0.6234898018587336,-3.0,-15.0,-15.0,-36.0,-14.0,-7.0,26.0,0.0,-12.0,95.0,-19.0,-5.0,-4.0,-4.0,-2.0,-48.0,-16.0,-11.0,-31.0,-26.0,19.0,-168.0,-31.0,-13.0
1120.0,VIV,2026-09-01 05:35:00,2026-01-09 05:40:00,A321,T1,8,D,2026-09-01 05:35:00,2026-01-09 05:40:00,5,0.9940563382223196,0.1088668748519647,0.7818314824680298,0.6234898018587336,-23.0,-3.0,-15.0,-15.0,-36.0,-14.0,-7.0,26.0,0.0,-12.0,95.0,-19.0,-5.0,-4.0,-4.0,-2.0,-48.0,-16.0,-11.0,-31.0,-26.0,19.0,-168.0,-31.0
1249.0,VIV,2026-09-01 05:35:00,2026-01-09 05:48:00,A321,T1,8,A,2026-09-01 05:35:00,2026-01-09 05:48:00,13,0.9940563382223196,0.1088668748519647,0.7818314824680298,0.6234898018587336,5.0,-23.0,-3.0,-15.0,-15.0,-36.0,-14.0,-7.0,26.0,0.0,-12.0,95.0,-19.0,-5.0,-4.0,-4.0,-2.0,-48.0,-16.0,-11.0,-31.0,-26.0,19.0,-168.0
1085.0,UAL,2026-09-01 05:45:00,2026-01-09 05:44:00,A320,T1,34,D,2026-09-01 05:45:00,2026-01-09 05:44:00,-1,0.9978589232386036,0.0654031292301432,0.7818314824680298,0.6234898018587336,13.0,5.0,-23.0,-3.0,-15.0,-15.0,-36.0,-14.0,-7.0,26.0,0.0,-12.0,95.0,-19.0,-5.0,-4.0,-4.0,-2.0,-48.0,-16.0,-11.0,-31.0,-26.0,19.0
1268.0,VIV,2026-09-01 05:45:00,2026-01-09 05:41:00,A321,T1,S2,D,2026-09-01 05:45:00,2026-01-09 05:41:00,-4,0.9978589232386036,0.0654031292301432,0.7818314824680298,0.6234898018587336,-1.0,13.0,5.0,-23.0,-3.0,-15.0,-15.0,-36.0,-14.0,-7.0,26.0,0.0,-12.0,95.0,-19.0,-5.0,-4.0,-4.0,-2.0,-48.0,-16.0,-11.0,-31.0,-26.0
111.0,VOI,2026-09-01 05:45:00,2026-01-09 05:31:00,A321,T1,26,A,2026-09-01 05:45:00,2026-01-09 05:31:00,-14,0.9978589232386036,0.0654031292301432,0.7818314824680298,0.6234898018587336,-4.0,-1.0,13.0,5.0,-23.0,-3.0,-15.0,-15.0,-36.0,-14.0,-7.0,26.0,0.0,-12.0,95.0,-19.0,-5.0,-4.0,-4.0,-2.0,-48.0,-16.0,-11.0,-31.0
1963.0,AAL,2026-09-01 05:50:00,2026-01-09 05:50:00,B7M8,T1,35,D,2026-09-01 05:50:00,2026-01-09 05:50:00,0,0.9990482215818578,0.043619387365336,0.7818314824680298,0.6234898018587336,-14.0,-4.0,-1.0,13.0,5.0,-23.0,-3.0,-15.0,-15.0,-36.0,-14.0,-7.0,26.0,0.0,-12.0,95.0,-19.0,-5.0,-4.0,-4.0,-2.0,-48.0,-16.0,-11.0
191.0,AMX,2026-09-01 05:50:00,2026-01-09 05:50:00,B738,T2,48,A,2026-09-01 05:50:00,2026-01-09 05:50:00,0,0.9990482215818578,0.043619387365336,0.7818314824680298,0.6234898018587336,0.0,-14.0,-4.0,-1.0,13.0,5.0,-23.0,-3.0,-15.0,-15.0,-36.0,-14.0,-7.0,26.0,0.0,-12.0,95.0,-19.0,-5.0,-4.0,-4.0,-2.0,-48.0,-16.0
2062.0,AMX,2026-09-01 05:50:00,2026-01-09 05:54:00,E190,T2,80,D,2026-09-01 05:50:00,2026-01-09 05:54:00,4,0.9990482215818578,0.043619387365336,0.7818314824680298,0.6234898018587336,0.0,0.0,-14.0,-4.0,-1.0,13.0,5.0,-23.0,-3.0,-15.0,-15.0,-36.0,-14.0,-7.0,26.0,0.0,-12.0,95.0,-19.0,-5.0,-4.0,-4.0,-2.0,-48.0
460.0,VOI,2026-09-01 05:55:00,2026-01-09 05:53:00,A320,T1,S4,D,2026-09-01 05:55:00,2026-01-09 05:53:00,-2,0.9997620270799092,0.0218148850345609,0.7818314824680298,0.6234898018587336,4.0,0.0,0.0,-14.0,-4.0,-1.0,13.0,5.0,-23.0,-3.0,-15.0,-15.0,-36.0,-14.0,-7.0,26.0,0.0,-12.0,95.0,-19.0,-5.0,-4.0,-4.0,-2.0
220.0,VOI,2026-09-01 05:55:00,2026-01-09 06:04:00,A320,T1,13,D,2026-09-01 05:55:00,2026-01-09 06:04:00,9,0.9997620270799092,0.0218148850345609,0.7818314824680298,0.6234898018587336,-2.0,4.0,0.0,0.0,-14.0,-4.0,-1.0,13.0,5.0,-23.0,-3.0,-15.0,-15.0,-36.0,-14.0,-7.0,26.0,0.0,-12.0,95.0,-19.0,-5.0,-4.0,-4.0
195.0,AMX,2026-09-01 05:55:00,2026-01-09 05:35:00,B39M,T2,63,A,2026-09-01 05:55:00,2026-01-09 05:35:00,-20,0.9997620270799092,0.0218148850345609,0.7818314824680298,0.6234898018587336,9.0,-2.0,4.0,0.0,0.0,-14.0,-4.0,-1.0,13.0,5.0,-23.0,-3.0,-15.0,-15.0,-36.0,-14.0,-7.0,26.0,0.0,-12.0,95.0,-19.0,-5.0,-4.0
994.0,ACA,2026-09-01 05:55:00,2026-01-09 06:06:00,B7M8,T1,28,D,2026-09-01 05:55:00,2026-01-09 06:06:00,11,0.9997620270799092,0.0218148850345609,0.7818314824680298,0.6234898018587336,-20.0,9.0,-2.0,4.0,0.0,0.0,-14.0,-4.0,-1.0,13.0,5.0,-23.0,-3.0,-15.0,-15.0,-36.0,-14.0,-7.0,26.0,0.0,-12.0,95.0,-19.0,-5.0
195.0,CMP,2026-09-01 05:55:00,2026-01-09 05:46:00,B738,T1,30,D,2026-09-01 05:55:00,2026-01-09 05:46:00,-9,0.9997620270799092,0.0218148850345609,0.7818314824680298,0.6234898018587336,11.0,-20.0,9.0,-2.0,4.0,0.0,0.0,-14.0,-4.0,-1.0,13.0,5.0,-23.0,-3.0,-15.0,-15.0,-36.0,-14.0,-7.0,26.0,0.0,-12.0,95.0,-19.0
1066.0,AAL,2026-09-01 06:00:00,2026-01-09 06:28:00,B7M8,T1,29,D,2026-09-01 06:00:00,2026-01-09 06:28:00,28,1.0,6.123233995736766e-17,0.7818314824680298,0.6234898018587336,-9.0,11.0,-20.0,9.0,-2.0,4.0,0.0,0.0,-14.0,-4.0,-1.0,13.0,5.0,-23.0,-3.0,-15.0,-15.0,-36.0,-14.0,-7.0,26.0,0.0,-12.0,95.0
1044.0,AMX,2026-09-01 06:00:00,2026-01-09 06:07:00,E190,T2,75,D,2026-09-01 06:00:00,2026-01-09 06:07:00,7,1.0,6.123233995736766e-17,0.7818314824680298,0.6234898018587336,28.0,-9.0,11.0,-20.0,9.0,-2.0,4.0,0.0,0.0,-14.0,-4.0,-1.0,13.0,5.0,-23.0,-3.0,-15.0,-15.0,-36.0,-14.0,-7.0,26.0,0.0,-12.0
200.0,AMX,2026-09-01 06:00:00,2026-01-09 06:04:00,B7M8,T2,52,D,2026-09-01 06:00:00,2026-01-09 06:04:00,4,1.0,6.123233995736766e-17,0.7818314824680298,0.6234898018587336,7.0,28.0,-9.0,11.0,-20.0,9.0,-2.0,4.0,0.0,0.0,-14.0,-4.0,-1.0,13.0,5.0,-23.0,-3.0,-15.0,-15.0,-36.0,-14.0,-7.0,26.0,0.0
362.0,AMX,2026-09-01 06:00:00,2026-01-09 06:00:00,B39M,T2,60,D,2026-09-01 06:00:00,2026-01-09 06:00:00,0,1.0,6.123233995736766e-17,0.7818314824680298,0.6234898018587336,4.0,7.0,28.0,-9.0,11.0,-20.0,9.0,-2.0,4.0,0.0,0.0,-14.0,-4.0,-1.0,13.0,5.0,-23.0,-3.0,-15.0,-15.0,-36.0,-14.0,-7.0,26.0
